audit,strategy,model,protected_attribute,metric,value,ci_low,ci_high,p_value,significant,n_disadvantaged,n_advantaged,small_sample_warning,note
ai_fair_recruitment,baseline,logistic_regression,gender,demographic_parity_diff,-0.06555690919543475,-0.07350411756475965,-0.05772389714868907,0.0,True,8410,14652,False,
ai_fair_recruitment,baseline,logistic_regression,gender,disparate_impact_ratio,0.5272967974979395,0.4858686457425636,0.5713552003812178,0.0,True,8410,14652,False,
ai_fair_recruitment,baseline,logistic_regression,gender,equal_opportunity_diff,-0.12102900908460626,-0.13818765819066522,-0.10121757595946544,0.0,True,2066,3897,False,
ai_fair_recruitment,baseline,logistic_regression,gender,equalized_odds_diff,-0.12102900908460626,-0.13818765819066522,-0.10121757595946544,0.0,True,2066,3897,False,driven_by_tpr_gap
ai_fair_recruitment,baseline,logistic_regression,gender,predictive_parity_diff,-0.0011586966263363863,-0.05303351658024452,0.05116235756353622,0.9566666666666667,False,615,2032,False,
ai_fair_recruitment,baseline,logistic_regression,gender,accuracy_equality_diff,0.014979161411979525,0.003576141269363592,0.025980410201575523,0.01,True,8410,14652,False,
ai_fair_recruitment,baseline,random_forest,gender,demographic_parity_diff,-0.04769847136077815,-0.058226388073296526,-0.03862536815271657,0.0,True,8410,14652,False,
ai_fair_recruitment,baseline,random_forest,gender,disparate_impact_ratio,0.7882197274625551,0.7462863991907099,0.8240503181484865,0.0,True,8410,14652,False,
ai_fair_recruitment,baseline,random_forest,gender,equal_opportunity_diff,-0.05806300723792546,-0.08319046336186817,-0.03297005217357606,0.0,True,2066,3897,False,
ai_fair_recruitment,baseline,random_forest,gender,equalized_odds_diff,-0.05806300723792546,-0.08319046336186817,-0.03297005217357606,0.0,True,2066,3897,False,driven_by_tpr_gap
ai_fair_recruitment,baseline,random_forest,gender,predictive_parity_diff,-0.008763116767135537,-0.037984538959589184,0.019080928169843105,0.5433333333333333,False,1493,3300,False,
ai_fair_recruitment,baseline,random_forest,gender,accuracy_equality_diff,0.025148957194141563,0.012643275639708434,0.03803439925170001,0.0,True,8410,14652,False,
ai_fair_recruitment,baseline,gradient_boosting,gender,demographic_parity_diff,-0.06089947909210691,-0.0692408993687234,-0.052508374226566866,0.0,True,8410,14652,False,
ai_fair_recruitment,baseline,gradient_boosting,gender,disparate_impact_ratio,0.5187205415582926,0.46986828337971354,0.5728722386795668,0.0,True,8410,14652,False,
ai_fair_recruitment,baseline,gradient_boosting,gender,equal_opportunity_diff,-0.11103224090017866,-0.13055523572753486,-0.09239599875894307,0.0,True,2066,3897,False,
ai_fair_recruitment,baseline,gradient_boosting,gender,equalized_odds_diff,-0.11103224090017866,-0.13055523572753486,-0.09239599875894307,0.0,True,2066,3897,False,driven_by_tpr_gap
ai_fair_recruitment,baseline,gradient_boosting,gender,predictive_parity_diff,0.008846911495708487,-0.038312872285540055,0.05266125533511564,0.7433333333333333,False,552,1854,False,
ai_fair_recruitment,baseline,gradient_boosting,gender,accuracy_equality_diff,0.016150627981781462,0.005541942060967017,0.027878003530500583,0.006666666666666667,True,8410,14652,False,
ai_fair_recruitment,unawareness,logistic_regression,gender,demographic_parity_diff,-0.006532351181578286,-0.01482950994990234,0.002191035349477684,0.14,False,8410,14652,False,
ai_fair_recruitment,unawareness,logistic_regression,gender,disparate_impact_ratio,0.9439957934822404,0.875867352521561,1.019101845786707,0.12666666666666668,False,8410,14652,False,
ai_fair_recruitment,unawareness,logistic_regression,gender,equal_opportunity_diff,0.00017848266631492749,-0.02212440452990747,0.022948104519051923,1.0,False,2066,3897,False,
ai_fair_recruitment,unawareness,logistic_regression,gender,equalized_odds_diff,-0.004214277883596768,-0.01178500219552418,0.003926007977168885,0.3233333333333333,False,6344,10755,False,driven_by_fpr_gap
ai_fair_recruitment,unawareness,logistic_regression,gender,predictive_parity_diff,-0.011376058902999864,-0.047880566863018365,0.030731235474245746,0.5833333333333334,False,926,1709,False,
ai_fair_recruitment,unawareness,logistic_regression,gender,accuracy_equality_diff,0.017205314708287345,0.006320629487989793,0.026883021006088734,0.01,True,8410,14652,False,
ai_fair_recruitment,unawareness,random_forest,gender,demographic_parity_diff,-0.007137788528989469,-0.017315009042119626,0.003564956292364134,0.24333333333333335,False,8410,14652,False,
ai_fair_recruitment,unawareness,random_forest,gender,disparate_impact_ratio,0.9667252974909919,0.9201420875707434,1.0169263047377706,0.24333333333333335,False,8410,14652,False,
ai_fair_recruitment,unawareness,random_forest,gender,equal_opportunity_diff,0.010192142738438326,-0.014842845826002121,0.03336190360147468,0.4,False,2066,3897,False,
ai_fair_recruitment,unawareness,random_forest,gender,equalized_odds_diff,0.010192142738438326,-0.014842845826002121,0.03336190360147468,0.4,False,2066,3897,False,driven_by_tpr_gap
ai_fair_recruitment,unawareness,random_forest,gender,predictive_parity_diff,-0.006007415634568747,-0.038529172881632996,0.023643784279613653,0.6833333333333333,False,1744,3143,False,
ai_fair_recruitment,unawareness,random_forest,gender,accuracy_equality_diff,0.01916575531319875,0.006892977319552805,0.030720116127369412,0.0033333333333333335,True,8410,14652,False,
ai_fair_recruitment,unawareness,gradient_boosting,gender,demographic_parity_diff,-0.0049794470721938044,-0.01227667214290282,0.0031082148249211294,0.21666666666666667,False,8410,14652,False,
ai_fair_recruitment,unawareness,gradient_boosting,gender,disparate_impact_ratio,0.9459569876566172,0.8741337080679402,1.0353604082354078,0.21666666666666667,False,8410,14652,False,
ai_fair_recruitment,unawareness,gradient_boosting,gender,equal_opportunity_diff,-0.0012942166896321716,-0.021202358976957728,0.018387152005377567,0.88,False,2066,3897,False,
ai_fair_recruitment,unawareness,gradient_boosting,gender,equalized_odds_diff,-0.0024809862916043077,-0.009340331823141002,0.0038515869623970303,0.5033333333333333,False,6344,10755,False,driven_by_fpr_gap
ai_fair_recruitment,unawareness,gradient_boosting,gender,predictive_parity_diff,-0.016791470870597736,-0.06218030923146889,0.02366057804052336,0.45666666666666667,False,733,1350,False,
ai_fair_recruitment,unawareness,gradient_boosting,gender,accuracy_equality_diff,0.016815534591991255,0.007126489125597344,0.02705105332334822,0.0033333333333333335,True,8410,14652,False,
ai_fair_recruitment,unawareness_proxy_removal,logistic_regression,gender,demographic_parity_diff,-0.006532351181578286,-0.01482950994990234,0.002191035349477684,0.14,False,8410,14652,False,
ai_fair_recruitment,unawareness_proxy_removal,logistic_regression,gender,disparate_impact_ratio,0.9439957934822404,0.875867352521561,1.019101845786707,0.12666666666666668,False,8410,14652,False,
ai_fair_recruitment,unawareness_proxy_removal,logistic_regression,gender,equal_opportunity_diff,0.00017848266631492749,-0.02212440452990747,0.022948104519051923,1.0,False,2066,3897,False,
ai_fair_recruitment,unawareness_proxy_removal,logistic_regression,gender,equalized_odds_diff,-0.004214277883596768,-0.01178500219552418,0.003926007977168885,0.3233333333333333,False,6344,10755,False,driven_by_fpr_gap
ai_fair_recruitment,unawareness_proxy_removal,logistic_regression,gender,predictive_parity_diff,-0.011376058902999864,-0.047880566863018365,0.030731235474245746,0.5833333333333334,False,926,1709,False,
ai_fair_recruitment,unawareness_proxy_removal,logistic_regression,gender,accuracy_equality_diff,0.017205314708287345,0.006320629487989793,0.026883021006088734,0.01,True,8410,14652,False,
ai_fair_recruitment,unawareness_proxy_removal,random_forest,gender,demographic_parity_diff,-0.0071317182494352455,-0.01592631167541988,0.0024115102563378385,0.11333333333333333,False,8410,14652,False,
ai_fair_recruitment,unawareness_proxy_removal,random_forest,gender,disparate_impact_ratio,0.9373918403499281,0.8623022344821607,1.02174172424589,0.11333333333333333,False,8410,14652,False,
ai_fair_recruitment,unawareness_proxy_removal,random_forest,gender,equal_opportunity_diff,0.006547469557961677,-0.012762507387095745,0.02986623922738492,0.6066666666666667,False,2066,3897,False,
ai_fair_recruitment,unawareness_proxy_removal,random_forest,gender,equalized_odds_diff,-0.007500529094945724,-0.014915924101696437,9.502493927864778e-05,0.03666666666666667,True,6344,10755,False,driven_by_fpr_gap
ai_fair_recruitment,unawareness_proxy_removal,random_forest,gender,predictive_parity_diff,0.007344061298591775,-0.035921547250330595,0.043898147270880906,0.7133333333333334,False,898,1669,False,
ai_fair_recruitment,unawareness_proxy_removal,random_forest,gender,accuracy_equality_diff,0.021507195228954945,0.009929963338108392,0.03245178388311558,0.0,True,8410,14652,False,
ai_fair_recruitment,unawareness_proxy_removal,gradient_boosting,gender,demographic_parity_diff,-0.005950415879072246,-0.012581721544266133,0.0023117089362630367,0.16333333333333333,False,8410,14652,False,
ai_fair_recruitment,unawareness_proxy_removal,gradient_boosting,gender,disparate_impact_ratio,0.9358465390112906,0.8661148534120698,1.026157081537965,0.15666666666666668,False,8410,14652,False,
ai_fair_recruitment,unawareness_proxy_removal,gradient_boosting,gender,equal_opportunity_diff,-0.006309616874598356,-0.025525986678759265,0.01410667003510776,0.5633333333333334,False,2066,3897,False,
ai_fair_recruitment,unawareness_proxy_removal,gradient_boosting,gender,equalized_odds_diff,-0.006309616874598356,-0.025525986678759265,0.01410667003510776,0.5633333333333334,False,2066,3897,False,driven_by_tpr_gap
ai_fair_recruitment,unawareness_proxy_removal,gradient_boosting,gender,predictive_parity_diff,-0.025191770741983865,-0.07050530708518551,0.020277853377281843,0.2733333333333333,False,730,1359,False,
ai_fair_recruitment,unawareness_proxy_removal,gradient_boosting,gender,accuracy_equality_diff,0.015197253247193787,0.005106234355639874,0.025438429186942804,0.01,True,8410,14652,False,
ai_fair_recruitment,in_processing,logistic_regression,gender,demographic_parity_diff,-0.006532351181578286,-0.01482950994990234,0.002191035349477684,0.14,False,8410,14652,False,
ai_fair_recruitment,in_processing,logistic_regression,gender,disparate_impact_ratio,0.9439957934822404,0.875867352521561,1.019101845786707,0.12666666666666668,False,8410,14652,False,
ai_fair_recruitment,in_processing,logistic_regression,gender,equal_opportunity_diff,0.00017848266631492749,-0.02212440452990747,0.022948104519051923,1.0,False,2066,3897,False,
ai_fair_recruitment,in_processing,logistic_regression,gender,equalized_odds_diff,-0.004214277883596768,-0.01178500219552418,0.003926007977168885,0.3233333333333333,False,6344,10755,False,driven_by_fpr_gap
ai_fair_recruitment,in_processing,logistic_regression,gender,predictive_parity_diff,-0.011376058902999864,-0.047880566863018365,0.030731235474245746,0.5833333333333334,False,926,1709,False,
ai_fair_recruitment,in_processing,logistic_regression,gender,accuracy_equality_diff,0.017205314708287345,0.006320629487989793,0.026883021006088734,0.01,True,8410,14652,False,
ai_fair_recruitment,in_processing,random_forest,gender,demographic_parity_diff,-0.0069424358960625265,-0.015694755668001804,0.0024228733652039104,0.12666666666666668,False,8410,14652,False,
ai_fair_recruitment,in_processing,random_forest,gender,disparate_impact_ratio,0.9387599798553082,0.8644031996811175,1.0219570376210747,0.12666666666666668,False,8410,14652,False,
ai_fair_recruitment,in_processing,random_forest,gender,equal_opportunity_diff,0.006605845934557347,-0.013141953834967754,0.030532295053583278,0.6433333333333333,False,2066,3897,False,
ai_fair_recruitment,in_processing,random_forest,gender,equalized_odds_diff,-0.007286238313743629,-0.014838778834208902,0.0005043868712930326,0.04666666666666667,True,6344,10755,False,driven_by_fpr_gap
ai_fair_recruitment,in_processing,random_forest,gender,predictive_parity_diff,0.006771851109414473,-0.03577115825090222,0.046078353552917894,0.7866666666666666,False,895,1661,False,
ai_fair_recruitment,in_processing,random_forest,gender,accuracy_equality_diff,0.021388289164745777,0.009760802581848945,0.03239835852499345,0.0,True,8410,14652,False,
ai_fair_recruitment,in_processing,gradient_boosting,gender,demographic_parity_diff,-0.006008992453701123,-0.013176942075574646,0.0027673625414409916,0.16333333333333333,False,8410,14652,False,
ai_fair_recruitment,in_processing,gradient_boosting,gender,disparate_impact_ratio,0.9388591238920054,0.870803236114009,1.0294558688340596,0.16333333333333333,False,8410,14652,False,
ai_fair_recruitment,in_processing,gradient_boosting,gender,equal_opportunity_diff,-0.0084038383337047,-0.027177044495964694,0.011004139506125919,0.44333333333333336,False,2066,3897,False,
ai_fair_recruitment,in_processing,gradient_boosting,gender,equalized_odds_diff,-0.0084038383337047,-0.027177044495964694,0.011004139506125919,0.44333333333333336,False,2066,3897,False,driven_by_tpr_gap
ai_fair_recruitment,in_processing,gradient_boosting,gender,predictive_parity_diff,-0.03147193585337915,-0.07222275916380293,0.008403493699885405,0.15666666666666668,False,776,1440,False,
ai_fair_recruitment,in_processing,gradient_boosting,gender,accuracy_equality_diff,0.013768254255769108,0.0038470895768755566,0.023847139892026945,0.023333333333333334,True,8410,14652,False,
ai_fair_recruitment,post_processing,logistic_regression,gender,demographic_parity_diff,-0.01612818093198594,-0.02382693024339873,-0.007567819549091843,0.0,True,8410,14652,False,
ai_fair_recruitment,post_processing,logistic_regression,gender,disparate_impact_ratio,0.8461537416275519,0.7775775980746815,0.9246684563496903,0.0,True,8410,14652,False,
ai_fair_recruitment,post_processing,logistic_regression,gender,equal_opportunity_diff,-0.020971526984417982,-0.04134348510942839,0.0018200419018178766,0.056666666666666664,False,2066,3897,False,
ai_fair_recruitment,post_processing,logistic_regression,gender,equalized_odds_diff,-0.020971526984417982,-0.04134348510942839,0.0018200419018178766,0.056666666666666664,False,2066,3897,False,driven_by_tpr_gap
ai_fair_recruitment,post_processing,logistic_regression,gender,predictive_parity_diff,-0.008001005361930269,-0.049520489485589805,0.03610257309819037,0.68,False,746,1536,False,
ai_fair_recruitment,post_processing,logistic_regression,gender,accuracy_equality_diff,0.017379129210282618,0.007438169982759756,0.027747177238853837,0.0033333333333333335,True,8410,14652,False,
ai_fair_recruitment,post_processing,random_forest,gender,demographic_parity_diff,-0.007941094266896875,-0.01524218751775232,-0.0001986705925469318,0.03,True,8410,14652,False,
ai_fair_recruitment,post_processing,random_forest,gender,disparate_impact_ratio,0.8984717054048861,0.8151889298414907,0.9972960707671157,0.02666666666666667,True,8410,14652,False,
ai_fair_recruitment,post_processing,random_forest,gender,equal_opportunity_diff,0.0003524939505927249,-0.015830704533310667,0.020405332023715195,1.0,False,2066,3897,False,
ai_fair_recruitment,post_processing,random_forest,gender,equalized_odds_diff,-0.007806935159634244,-0.014511862279370336,-0.0006257599327683018,0.0033333333333333335,True,6344,10755,False,driven_by_fpr_gap
ai_fair_recruitment,post_processing,random_forest,gender,predictive_parity_diff,0.016043443980829464,-0.03603296834719748,0.06750117380249998,0.6,False,591,1146,False,
ai_fair_recruitment,post_processing,random_forest,gender,accuracy_equality_diff,0.022108104212741564,0.01032540553200478,0.03309684035456927,0.0,True,8410,14652,False,
ai_fair_recruitment,post_processing,gradient_boosting,gender,demographic_parity_diff,-0.012067780676579723,-0.019022783593235434,-0.0030419461186405273,0.006666666666666667,True,8410,14652,False,
ai_fair_recruitment,post_processing,gradient_boosting,gender,disparate_impact_ratio,0.8847357016813904,0.8211825043738531,0.9694977299344935,0.0033333333333333335,True,8410,14652,False,
ai_fair_recruitment,post_processing,gradient_boosting,gender,equal_opportunity_diff,-0.014795927365876538,-0.03484925294384615,0.007330740801187159,0.20333333333333334,False,2066,3897,False,
ai_fair_recruitment,post_processing,gradient_boosting,gender,equalized_odds_diff,-0.014795927365876538,-0.03484925294384615,0.007330740801187159,0.20333333333333334,False,2066,3897,False,driven_by_tpr_gap
ai_fair_recruitment,post_processing,gradient_boosting,gender,predictive_parity_diff,-0.014934066173160176,-0.05595793590887257,0.0283900815574408,0.48333333333333334,False,779,1534,False,
ai_fair_recruitment,post_processing,gradient_boosting,gender,accuracy_equality_diff,0.01626953404599074,0.006382802784408007,0.026417011000839746,0.006666666666666667,True,8410,14652,False,
benefits_denial,baseline,logistic_regression,sex,demographic_parity_diff,-0.11654028728848588,-0.13052557078452512,-0.10301026783621745,0.0,True,2153,4360,False,
benefits_denial,baseline,logistic_regression,sex,disparate_impact_ratio,0.3142879043548429,0.25569992172432365,0.37185847800624705,0.0,True,2153,4360,False,
benefits_denial,baseline,logistic_regression,sex,equal_opportunity_diff,-0.14891640866873063,-0.20220367094206101,-0.0949469261388766,0.0,True,238,1330,False,
benefits_denial,baseline,logistic_regression,sex,equalized_odds_diff,-0.14891640866873063,-0.20220367094206101,-0.0949469261388766,0.0,True,238,1330,False,driven_by_tpr_gap
benefits_denial,baseline,logistic_regression,sex,predictive_parity_diff,-0.20265211523792753,-0.2965067769758844,-0.10405093000058688,0.0,True,115,741,False,
benefits_denial,baseline,logistic_regression,sex,accuracy_equality_diff,0.12865949794824372,0.10899812827844235,0.14830951158400696,0.0,True,2153,4360,False,
benefits_denial,baseline,logistic_regression,national_origin,demographic_parity_diff,0.14395124263898595,0.11266288426988721,0.18012310360315384,0.0,True,688,5825,False,
benefits_denial,baseline,logistic_regression,national_origin,disparate_impact_ratio,2.238565396940407,1.9384340461137612,2.5730830437849743,0.0,True,688,5825,False,
benefits_denial,baseline,logistic_regression,national_origin,equal_opportunity_diff,0.3662815445424141,0.2849260160129725,0.44312785041045905,0.0,True,138,1430,False,
benefits_denial,baseline,logistic_regression,national_origin,equalized_odds_diff,0.3662815445424141,0.2849260160129725,0.44312785041045905,0.0,True,138,1430,False,driven_by_tpr_gap
benefits_denial,baseline,logistic_regression,national_origin,predictive_parity_diff,-0.15940354670209522,-0.23898174661462415,-0.08464099749964926,0.0,True,179,677,False,
benefits_denial,baseline,logistic_regression,national_origin,accuracy_equality_diff,0.01831395348837206,-0.01017530442159902,0.04889387039624704,0.23,False,688,5825,False,
benefits_denial,baseline,logistic_regression,age,demographic_parity_diff,0.06433617087326636,0.03911450550261587,0.09366866293738643,0.0,True,944,5569,False,
benefits_denial,baseline,logistic_regression,age,disparate_impact_ratio,1.526890001974705,1.3157616084031751,1.74939476008321,0.0,True,944,5569,False,
benefits_denial,baseline,logistic_regression,age,equal_opportunity_diff,0.055434782608695665,0.0008035714285714435,0.1137267080745341,0.10666666666666667,False,280,1288,False,
benefits_denial,baseline,logistic_regression,age,equalized_odds_diff,0.055434782608695665,0.0008035714285714435,0.1137267080745341,0.10666666666666667,False,280,1288,False,driven_by_tpr_gap
benefits_denial,baseline,logistic_regression,age,predictive_parity_diff,-0.018449197860962552,-0.10042780748663095,0.06156082887700526,0.67,False,176,680,False,
benefits_denial,baseline,logistic_regression,age,accuracy_equality_diff,-0.05082691412206197,-0.07779950908631626,-0.019961985955851407,0.0033333333333333335,True,944,5569,False,
benefits_denial,baseline,logistic_regression,race,demographic_parity_diff,-0.03515370084149064,-0.05434256210380127,-0.007428768227941668,0.006666666666666667,True,690,5823,False,
benefits_denial,baseline,logistic_regression,race,disparate_impact_ratio,0.7399002726311468,0.599466609071358,0.9414868989908689,0.0033333333333333335,True,690,5823,False,
benefits_denial,baseline,logistic_regression,race,equal_opportunity_diff,0.10742540130650302,-0.00541886879164888,0.20561500837081048,0.04666666666666667,True,82,1486,False,
benefits_denial,baseline,logistic_regression,race,equalized_odds_diff,0.10742540130650302,-0.00541886879164888,0.20561500837081048,0.04666666666666667,True,82,1486,False,driven_by_tpr_gap
benefits_denial,baseline,logistic_regression,race,predictive_parity_diff,-0.12144817045098799,-0.24576911036222682,0.008986612157707685,0.04666666666666667,True,69,787,False,
benefits_denial,baseline,logistic_regression,race,accuracy_equality_diff,0.09995968012902356,0.07423123446004971,0.12236160577619486,0.0,True,690,5823,False,
benefits_denial,baseline,logistic_regression,sex_x_national_origin,intersectional_demographic_parity_diff,-0.06385701604866333,-0.0994785954288266,-0.02681836746919067,0.0033333333333333335,True,235,3907,False,
benefits_denial,baseline,logistic_regression,sex_x_age,intersectional_demographic_parity_diff,-0.06460017969451931,-0.09671672442561931,-0.02677095366448467,0.0033333333333333335,True,294,3710,False,
benefits_denial,baseline,logistic_regression,sex_x_race,intersectional_demographic_parity_diff,-0.11077401410197356,-0.1362867460345581,-0.08126926620132517,0.0,True,338,4008,False,
benefits_denial,baseline,logistic_regression,national_origin_x_age,intersectional_demographic_parity_diff,0.24520893174042702,0.14236767961360436,0.34740619111216814,0.0,True,88,4969,False,superadditive
benefits_denial,baseline,logistic_regression,national_origin_x_race,intersectional_demographic_parity_diff,0.10496164908916587,0.029741131351869607,0.1980605824544581,0.016666666666666666,True,80,5215,False,
benefits_denial,baseline,logistic_regression,age_x_race,intersectional_demographic_parity_diff,0.0557084158779074,-0.022627302076454612,0.14887739379264797,0.17666666666666667,False,77,4956,False,
benefits_denial,baseline,random_forest,sex,demographic_parity_diff,-0.1774336641426301,-0.1945633999071064,-0.16000384304810442,0.0,True,2153,4360,False,
benefits_denial,baseline,random_forest,sex,disparate_impact_ratio,0.31417749514561527,0.2714176562367501,0.36410432026319556,0.0,True,2153,4360,False,
benefits_denial,baseline,random_forest,sex,equal_opportunity_diff,-0.06267138434321096,-0.1342989827509951,0.01446926138876598,0.06333333333333334,False,238,1330,False,
benefits_denial,baseline,random_forest,sex,equalized_odds_diff,-0.07886582391920655,-0.09304604089651784,-0.06679646097769049,0.0,True,1915,3030,False,driven_by_fpr_gap
benefits_denial,baseline,random_forest,sex,predictive_parity_diff,0.026448834853090242,-0.04720833333333331,0.09084422492401212,0.45,False,175,1128,False,
benefits_denial,baseline,random_forest,sex,accuracy_equality_diff,0.11795020389727162,0.10315668450679015,0.13590996880819164,0.0,True,2153,4360,False,
benefits_denial,baseline,random_forest,national_origin,demographic_parity_diff,-0.028671524104202012,-0.06015161817546661,-0.0013745259007885157,0.08333333333333333,False,688,5825,False,
benefits_denial,baseline,random_forest,national_origin,disparate_impact_ratio,0.8588243401870175,0.710306994615104,0.9931393584316573,0.07333333333333333,False,688,5825,False,
benefits_denial,baseline,random_forest,national_origin,equal_opportunity_diff,0.04867740954697475,-0.02883019154758281,0.12617234215060305,0.31333333333333335,False,138,1430,False,
benefits_denial,baseline,random_forest,national_origin,equalized_odds_diff,0.04867740954697475,-0.02883019154758281,0.12617234215060305,0.31333333333333335,False,138,1430,False,driven_by_tpr_gap
benefits_denial,baseline,random_forest,national_origin,predictive_parity_diff,0.020498732037193546,-0.047738799661876614,0.10691955480417023,0.6366666666666667,False,120,1183,False,
benefits_denial,baseline,random_forest,national_origin,accuracy_equality_diff,0.03890258508833222,0.01267108119572812,0.06284828201417304,0.0033333333333333335,True,688,5825,False,
benefits_denial,baseline,random_forest,age,demographic_parity_diff,0.03238702593959905,0.0034486981124323126,0.06097209583316847,0.023333333333333334,True,944,5569,False,
benefits_denial,baseline,random_forest,age,disparate_impact_ratio,1.165774287004249,1.017295770224736,1.3212025777247607,0.04,True,944,5569,False,
benefits_denial,baseline,random_forest,age,equal_opportunity_diff,-0.061645962732919224,-0.12541149068322976,0.00668478260869564,0.06,False,280,1288,False,
benefits_denial,baseline,random_forest,age,equalized_odds_diff,-0.061645962732919224,-0.12541149068322976,0.00668478260869564,0.06,False,280,1288,False,driven_by_tpr_gap
benefits_denial,baseline,random_forest,age,predictive_parity_diff,-0.006955369357045105,-0.06880290270177837,0.05826521887824894,0.8733333333333333,False,215,1088,False,
benefits_denial,baseline,random_forest,age,accuracy_equality_diff,-0.05343574904662918,-0.08115224239966398,-0.0289755676855231,0.0,True,944,5569,False,
benefits_denial,baseline,random_forest,race,demographic_parity_diff,-0.12326531221766757,-0.1443792233198187,-0.10238383770505267,0.0,True,690,5823,False,
benefits_denial,baseline,random_forest,race,disparate_impact_ratio,0.4216192222947545,0.32943689025723866,0.5186949890421371,0.0,True,690,5823,False,
benefits_denial,baseline,random_forest,race,equal_opportunity_diff,-0.04938778189935322,-0.16111019925811637,0.0468272986902144,0.4266666666666667,False,82,1486,False,
benefits_denial,baseline,random_forest,race,equalized_odds_diff,-0.05069596980692451,-0.0654748139479145,-0.03415979431877482,0.0,True,608,4337,False,driven_by_fpr_gap
benefits_denial,baseline,random_forest,race,predictive_parity_diff,0.011073275974110341,-0.11599808946999036,0.11916833458969094,0.8566666666666667,False,62,1241,False,
benefits_denial,baseline,random_forest,race,accuracy_equality_diff,0.0814297127582525,0.06038145211268661,0.10160712019054875,0.0,True,690,5823,False,
benefits_denial,baseline,random_forest,sex_x_national_origin,intersectional_demographic_parity_diff,-0.19800793992234345,-0.22791340147798006,-0.16621062032685469,0.0,True,235,3907,False,
benefits_denial,baseline,random_forest,sex_x_age,intersectional_demographic_parity_diff,-0.17719163136952895,-0.21024130406879732,-0.14482415607752544,0.0,True,294,3710,False,
benefits_denial,baseline,random_forest,sex_x_race,intersectional_demographic_parity_diff,-0.21720464396650485,-0.242692425799289,-0.18656680721397442,0.0,True,338,4008,False,
benefits_denial,baseline,random_forest,national_origin_x_age,intersectional_demographic_parity_diff,0.03960235276898591,-0.049174255383376934,0.14584863654658875,0.4266666666666667,False,88,4969,False,
benefits_denial,baseline,random_forest,national_origin_x_race,intersectional_demographic_parity_diff,-0.11649089165867688,-0.17255512943432405,-0.0503379674017258,0.02,True,80,5215,False,
benefits_denial,baseline,random_forest,age_x_race,intersectional_demographic_parity_diff,-0.079169418152469,-0.14673765500036687,-0.010284595348154678,0.10333333333333333,False,77,4956,False,
benefits_denial,baseline,gradient_boosting,sex,demographic_parity_diff,-0.16978506628259266,-0.1863301713631928,-0.15372912822730822,0.0,True,2153,4360,False,
benefits_denial,baseline,gradient_boosting,sex,disparate_impact_ratio,0.28957793517091995,0.2442267349620639,0.3321879801302361,0.0,True,2153,4360,False,
benefits_denial,baseline,gradient_boosting,sex,equal_opportunity_diff,-0.08801415302963289,-0.15490159221583372,-0.026522556390977593,0.01,True,238,1330,False,
benefits_denial,baseline,gradient_boosting,sex,equalized_odds_diff,-0.08801415302963289,-0.15490159221583372,-0.026522556390977593,0.01,True,238,1330,False,driven_by_tpr_gap
benefits_denial,baseline,gradient_boosting,sex,predictive_parity_diff,0.05486351749990337,-0.007975273415862679,0.11769554547913792,0.14666666666666667,False,149,1042,False,
benefits_denial,baseline,gradient_boosting,sex,accuracy_equality_diff,0.10791598665399682,0.09021657693340207,0.12522607669264563,0.0,True,2153,4360,False,
benefits_denial,baseline,gradient_boosting,national_origin,demographic_parity_diff,-0.01756986725222079,-0.04649404880726618,0.012529462770735604,0.30666666666666664,False,688,5825,False,
benefits_denial,baseline,gradient_boosting,national_origin,disparate_impact_ratio,0.9048848302060204,0.7535980449876373,1.0697122571894888,0.2633333333333333,False,688,5825,False,
benefits_denial,baseline,gradient_boosting,national_origin,equal_opportunity_diff,0.06196412283368802,-0.014284483632309716,0.14520573629269282,0.20333333333333334,False,138,1430,False,
benefits_denial,baseline,gradient_boosting,national_origin,equalized_odds_diff,0.06196412283368802,-0.014284483632309716,0.14520573629269282,0.20333333333333334,False,138,1430,False,driven_by_tpr_gap
benefits_denial,baseline,gradient_boosting,national_origin,predictive_parity_diff,-0.0017779214481977723,-0.07718623727169867,0.06810126070793598,1.0,False,115,1076,False,
benefits_denial,baseline,gradient_boosting,national_origin,accuracy_equality_diff,0.0343245333865656,0.009939390158698463,0.059223600159696445,0.01,True,688,5825,False,
benefits_denial,baseline,gradient_boosting,age,demographic_parity_diff,0.026481719323981745,-0.001217721017679599,0.055544587395113976,0.056666666666666664,False,944,5569,False,
benefits_denial,baseline,gradient_boosting,age,disparate_impact_ratio,1.1479196300409575,0.9933397884821954,1.3178934624222045,0.07,False,944,5569,False,
benefits_denial,baseline,gradient_boosting,age,equal_opportunity_diff,-0.06428571428571428,-0.1285753105590062,-0.004914596273291966,0.03666666666666667,True,280,1288,False,
benefits_denial,baseline,gradient_boosting,age,equalized_odds_diff,-0.06428571428571428,-0.1285753105590062,-0.004914596273291966,0.03666666666666667,True,280,1288,False,driven_by_tpr_gap
benefits_denial,baseline,gradient_boosting,age,predictive_parity_diff,-0.0008479045383573691,-0.06053482612786817,0.05551150875306317,1.0,False,194,997,False,
benefits_denial,baseline,gradient_boosting,age,accuracy_equality_diff,-0.05061805515398499,-0.07647440545574627,-0.023494864884606323,0.0,True,944,5569,False,
benefits_denial,baseline,gradient_boosting,race,demographic_parity_diff,-0.10241023228725668,-0.1262964145181402,-0.07853607135123834,0.0,True,690,5823,False,
benefits_denial,baseline,gradient_boosting,race,disparate_impact_ratio,0.4713371416623479,0.3640687239060012,0.5850761007498647,0.0,True,690,5823,False,
benefits_denial,baseline,gradient_boosting,race,equal_opportunity_diff,-0.07520598759150443,-0.18661819256146803,0.023299166201621632,0.2,False,82,1486,False,
benefits_denial,baseline,gradient_boosting,race,equalized_odds_diff,-0.07520598759150443,-0.18661819256146803,0.023299166201621632,0.2,False,82,1486,False,driven_by_tpr_gap
benefits_denial,baseline,gradient_boosting,race,predictive_parity_diff,-0.10735393448159403,-0.23489213947990537,0.007440476190476029,0.06666666666666667,False,63,1128,False,
benefits_denial,baseline,gradient_boosting,race,accuracy_equality_diff,0.05737442973515816,0.03315956588938915,0.07871831343473037,0.0,True,690,5823,False,
benefits_denial,baseline,gradient_boosting,sex_x_national_origin,intersectional_demographic_parity_diff,-0.19727276192758225,-0.2238011697498761,-0.16261200572894263,0.0,True,235,3907,False,superadditive
benefits_denial,baseline,gradient_boosting,sex_x_age,intersectional_demographic_parity_diff,-0.15967141573610577,-0.1960974201001155,-0.12570337568989862,0.0,True,294,3710,False,
benefits_denial,baseline,gradient_boosting,sex_x_race,intersectional_demographic_parity_diff,-0.2009162149074632,-0.22331723387544436,-0.1717152603077868,0.0,True,338,4008,False,
benefits_denial,baseline,gradient_boosting,national_origin_x_age,intersectional_demographic_parity_diff,0.023422492178781174,-0.06388535053696554,0.11608746958414896,0.5733333333333334,False,88,4969,False,
benefits_denial,baseline,gradient_boosting,national_origin_x_race,intersectional_demographic_parity_diff,-0.05885666347075741,-0.12590604026845637,0.006529242569511027,0.16666666666666666,False,80,5215,False,
benefits_denial,baseline,gradient_boosting,age_x_race,intersectional_demographic_parity_diff,-0.06060606060606061,-0.13104960011739672,0.0012753136693814376,0.21333333333333335,False,77,4956,False,
benefits_denial,unawareness,logistic_regression,sex,demographic_parity_diff,-0.0979795633999071,-0.111394741495758,-0.08520923705774319,0.0,True,2153,4360,False,
benefits_denial,unawareness,logistic_regression,sex,disparate_impact_ratio,0.3468072652855174,0.28349504761761835,0.4133245607575838,0.0,True,2153,4360,False,
benefits_denial,unawareness,logistic_regression,sex,equal_opportunity_diff,-0.11747014595311808,-0.16974126492702343,-0.060928792569659454,0.0,True,238,1330,False,
benefits_denial,unawareness,logistic_regression,sex,equalized_odds_diff,-0.11747014595311808,-0.16974126492702343,-0.060928792569659454,0.0,True,238,1330,False,driven_by_tpr_gap
benefits_denial,unawareness,logistic_regression,sex,predictive_parity_diff,-0.2181629532546963,-0.31860323831367404,-0.12312486347750107,0.0,True,112,654,False,
benefits_denial,unawareness,logistic_regression,sex,accuracy_equality_diff,0.132552827929452,0.11179600578667702,0.15126484487188777,0.0,True,2153,4360,False,
benefits_denial,unawareness,logistic_regression,national_origin,demographic_parity_diff,-0.014490468110589877,-0.039005233805769035,0.010944686345942697,0.28,False,688,5825,False,
benefits_denial,unawareness,logistic_regression,national_origin,disparate_impact_ratio,0.878377135027381,0.6725032715993333,1.0896410266728085,0.24333333333333335,False,688,5825,False,
benefits_denial,unawareness,logistic_regression,national_origin,equal_opportunity_diff,0.04718759501368197,-0.04041780683085028,0.1414915881220229,0.29,False,138,1430,False,
benefits_denial,unawareness,logistic_regression,national_origin,equalized_odds_diff,0.04718759501368197,-0.04041780683085028,0.1414915881220229,0.29,False,138,1430,False,driven_by_tpr_gap
benefits_denial,unawareness,logistic_regression,national_origin,predictive_parity_diff,0.04406820365033626,-0.07799491674671785,0.1532090537944283,0.5466666666666666,False,72,694,False,
benefits_denial,unawareness,logistic_regression,national_origin,accuracy_equality_diff,0.04937518714442568,0.022681891905379805,0.08012647844096217,0.006666666666666667,True,688,5825,False,
benefits_denial,unawareness,logistic_regression,age,demographic_parity_diff,0.06067486174981966,0.037913804208222886,0.08496933501435001,0.0,True,944,5569,False,
benefits_denial,unawareness,logistic_regression,age,disparate_impact_ratio,1.557582838128581,1.3399157438257001,1.7927765500784987,0.0,True,944,5569,False,
benefits_denial,unawareness,logistic_regression,age,equal_opportunity_diff,0.05031055900621123,-0.007142857142857173,0.10772127329192546,0.12666666666666668,False,280,1288,False,
benefits_denial,unawareness,logistic_regression,age,equalized_odds_diff,0.05031055900621123,-0.007142857142857173,0.10772127329192546,0.12666666666666668,False,280,1288,False,driven_by_tpr_gap
benefits_denial,unawareness,logistic_regression,age,predictive_parity_diff,-0.03116749174917488,-0.11400268151815177,0.04969832920792073,0.5,False,160,606,False,
benefits_denial,unawareness,logistic_regression,age,accuracy_equality_diff,-0.05466893000295214,-0.0843146201658089,-0.023364099768391024,0.0,True,944,5569,False,
benefits_denial,unawareness,logistic_regression,race,demographic_parity_diff,-0.042391864346034105,-0.06163536276683915,-0.021287883878771598,0.0033333333333333335,True,690,5823,False,
benefits_denial,unawareness,logistic_regression,race,disparate_impact_ratio,0.6528188404345086,0.503077795283602,0.8202572035795106,0.0,True,690,5823,False,
benefits_denial,unawareness,logistic_regression,race,equal_opportunity_diff,0.06722909759380236,-0.03511924301611788,0.1692147030824278,0.25,False,82,1486,False,
benefits_denial,unawareness,logistic_regression,race,equalized_odds_diff,0.06722909759380236,-0.03511924301611788,0.1692147030824278,0.25,False,82,1486,False,driven_by_tpr_gap
benefits_denial,unawareness,logistic_regression,race,predictive_parity_diff,-0.09328730341388569,-0.23947001662191533,0.04389592123769333,0.15666666666666668,False,55,711,False,
benefits_denial,unawareness,logistic_regression,race,accuracy_equality_diff,0.10663635209700661,0.08270789000141865,0.1297960113194304,0.0,True,690,5823,False,
benefits_denial,unawareness,logistic_regression,sex_x_national_origin,intersectional_demographic_parity_diff,-0.11696845269538036,-0.1418411579870282,-0.09193564197376232,0.0,True,235,3907,False,superadditive
benefits_denial,unawareness,logistic_regression,sex_x_age,intersectional_demographic_parity_diff,-0.05172635091772558,-0.08817417533050954,-0.014535682197407295,0.02,True,294,3710,False,
benefits_denial,unawareness,logistic_regression,sex_x_race,intersectional_demographic_parity_diff,-0.09797859901498776,-0.12288710301290909,-0.07185366692650204,0.0,True,338,4008,False,
benefits_denial,unawareness,logistic_regression,national_origin_x_age,intersectional_demographic_parity_diff,0.01531998390018112,-0.05963885179019009,0.09962997859455898,0.73,False,88,4969,False,
benefits_denial,unawareness,logistic_regression,national_origin_x_race,intersectional_demographic_parity_diff,0.012859539789070007,-0.0612823585810163,0.09056327900287629,0.7666666666666667,False,80,5215,False,
benefits_denial,unawareness,logistic_regression,age_x_race,intersectional_demographic_parity_diff,0.02945924132364809,-0.039143095604959974,0.11960662924645962,0.5033333333333333,False,77,4956,False,
benefits_denial,unawareness,random_forest,sex,demographic_parity_diff,-0.17552401811852036,-0.1934323346557183,-0.15788166554455701,0.0,True,2153,4360,False,
benefits_denial,unawareness,random_forest,sex,disparate_impact_ratio,0.3322148277020965,0.2849192473441213,0.3811037044306526,0.0,True,2153,4360,False,
benefits_denial,unawareness,random_forest,sex,equal_opportunity_diff,-0.05360459973463072,-0.1178394515701017,0.010956435205661164,0.12,False,238,1330,False,
benefits_denial,unawareness,random_forest,sex,equalized_odds_diff,-0.08860826030383717,-0.10254506716990237,-0.0746551456712251,0.0,True,1915,3030,False,driven_by_fpr_gap
benefits_denial,unawareness,random_forest,sex,predictive_parity_diff,-0.005968957706732114,-0.08671628420779026,0.06392934722067506,0.92,False,188,1146,False,
benefits_denial,unawareness,random_forest,sex,accuracy_equality_diff,0.1297444998870788,0.11404221547062561,0.14804982486566642,0.0,True,2153,4360,False,
benefits_denial,unawareness,random_forest,national_origin,demographic_parity_diff,-0.027492763748877158,-0.05602094146122368,0.0031624288851182483,0.11,False,688,5825,False,
benefits_denial,unawareness,random_forest,national_origin,disparate_impact_ratio,0.8676491091791154,0.7320423171726752,1.0154925918952271,0.08,False,688,5825,False,
benefits_denial,unawareness,random_forest,national_origin,equal_opportunity_diff,0.0801459410155062,0.006081382385730219,0.1584389885476841,0.06333333333333334,False,138,1430,False,
benefits_denial,unawareness,random_forest,national_origin,equalized_odds_diff,0.0801459410155062,0.006081382385730219,0.1584389885476841,0.06333333333333334,False,138,1430,False,driven_by_tpr_gap
benefits_denial,unawareness,random_forest,national_origin,predictive_parity_diff,0.049773393761663565,-0.04359737403359103,0.1302472673953612,0.2733333333333333,False,124,1210,False,
benefits_denial,unawareness,random_forest,national_origin,accuracy_equality_diff,0.05317446850983132,0.026998215889809347,0.07684465765046414,0.0,True,688,5825,False,
benefits_denial,unawareness,random_forest,age,demographic_parity_diff,0.019387172026746113,-0.00856442081772281,0.04638380098974041,0.21333333333333335,False,944,5569,False,
benefits_denial,unawareness,random_forest,age,disparate_impact_ratio,1.09597033471836,0.9575491421460194,1.2399256483239618,0.23,False,944,5569,False,
benefits_denial,unawareness,random_forest,age,equal_opportunity_diff,-0.04409937888198767,-0.10979037267080742,0.01064829192546586,0.17333333333333334,False,280,1288,False,
benefits_denial,unawareness,random_forest,age,equalized_odds_diff,-0.04409937888198767,-0.10979037267080742,0.01064829192546586,0.17333333333333334,False,280,1288,False,driven_by_tpr_gap
benefits_denial,unawareness,random_forest,age,predictive_parity_diff,0.05527272727272725,-0.013431897926634823,0.11639032429558746,0.15,False,209,1125,False,
benefits_denial,unawareness,random_forest,age,accuracy_equality_diff,-0.03418610437317959,-0.060329902060741875,-0.007179683957196461,0.0033333333333333335,True,944,5569,False,
benefits_denial,unawareness,random_forest,race,demographic_parity_diff,-0.09292684930074889,-0.11803203563081929,-0.0658364319900843,0.0,True,690,5823,False,
benefits_denial,unawareness,random_forest,race,disparate_impact_ratio,0.5671115817847988,0.45092517328759607,0.6956036983625037,0.0,True,690,5823,False,
benefits_denial,unawareness,random_forest,race,equal_opportunity_diff,-0.019105143945113645,-0.12520516692380915,0.07845583166464243,0.8266666666666667,False,82,1486,False,
benefits_denial,unawareness,random_forest,race,equalized_odds_diff,-0.0269627622780724,-0.04731098609880708,-0.004859017951409556,0.03333333333333333,True,608,4337,False,driven_by_fpr_gap
benefits_denial,unawareness,random_forest,race,predictive_parity_diff,-0.14198095238095232,-0.26283380952380947,-0.03753333333333344,0.0033333333333333335,True,84,1250,False,
benefits_denial,unawareness,random_forest,race,accuracy_equality_diff,0.06654720038229212,0.04114222834486928,0.09053828894414206,0.0,True,690,5823,False,
benefits_denial,unawareness,random_forest,sex_x_national_origin,intersectional_demographic_parity_diff,-0.18559377876043542,-0.216778558942215,-0.14991387525935448,0.0,True,235,3907,False,
benefits_denial,unawareness,random_forest,sex_x_age,intersectional_demographic_parity_diff,-0.1742651777692209,-0.20922378385316392,-0.1407489410858683,0.0,True,294,3710,False,
benefits_denial,unawareness,random_forest,sex_x_race,intersectional_demographic_parity_diff,-0.1972430877889192,-0.2261389942009472,-0.16477747168385123,0.0,True,338,4008,False,
benefits_denial,unawareness,random_forest,national_origin_x_age,intersectional_demographic_parity_diff,0.010636400226861076,-0.07459859080846704,0.10151027278215842,0.9133333333333333,False,88,4969,False,
benefits_denial,unawareness,random_forest,national_origin_x_race,intersectional_demographic_parity_diff,-0.08052492809204218,-0.15200143815915626,0.0010043144774688208,0.1,False,80,5215,False,
benefits_denial,unawareness,random_forest,age_x_race,intersectional_demographic_parity_diff,-0.09498128989654413,-0.16253210066769386,-0.03325445740699979,0.05333333333333334,False,77,4956,False,
benefits_denial,unawareness,gradient_boosting,sex,demographic_parity_diff,-0.1582941660239393,-0.1732052912087678,-0.14272700083519052,0.0,True,2153,4360,False,
benefits_denial,unawareness,gradient_boosting,sex,disparate_impact_ratio,0.3098404452312835,0.260528160070399,0.356730276325171,0.0,True,2153,4360,False,
benefits_denial,unawareness,gradient_boosting,sex,equal_opportunity_diff,-0.08376824413976114,-0.1476791242812914,-0.009138655462184888,0.01,True,238,1330,False,
benefits_denial,unawareness,gradient_boosting,sex,equalized_odds_diff,-0.08376824413976114,-0.1476791242812914,-0.009138655462184888,0.01,True,238,1330,False,driven_by_tpr_gap
benefits_denial,unawareness,gradient_boosting,sex,predictive_parity_diff,0.002313725490196039,-0.06958169934640523,0.07238088235294117,1.0,False,153,1000,False,
benefits_denial,unawareness,gradient_boosting,sex,accuracy_equality_diff,0.10555337762115591,0.08981394906616325,0.12206965051965041,0.0,True,2153,4360,False,
benefits_denial,unawareness,gradient_boosting,national_origin,demographic_parity_diff,-0.007795937718335172,-0.035199932628006775,0.023742270935223075,0.6166666666666667,False,688,5825,False,
benefits_denial,unawareness,gradient_boosting,national_origin,disparate_impact_ratio,0.9561669093807437,0.8035376908229737,1.1388390452381796,0.6166666666666667,False,688,5825,False,
benefits_denial,unawareness,gradient_boosting,national_origin,equal_opportunity_diff,0.0684503901895206,-0.009841897233201577,0.14689495287321372,0.12666666666666668,False,138,1430,False,
benefits_denial,unawareness,gradient_boosting,national_origin,equalized_odds_diff,0.0684503901895206,-0.009841897233201577,0.14689495287321372,0.12666666666666668,False,138,1430,False,driven_by_tpr_gap
benefits_denial,unawareness,gradient_boosting,national_origin,predictive_parity_diff,-0.03357753357753357,-0.11909588159588166,0.04638608388608382,0.4,False,117,1036,False,
benefits_denial,unawareness,gradient_boosting,national_origin,accuracy_equality_diff,0.029037079548857148,0.006334907425890754,0.05575757311108886,0.04666666666666667,True,688,5825,False,
benefits_denial,unawareness,gradient_boosting,age,demographic_parity_diff,0.01967744414449238,-0.007074113167321519,0.044073056127899274,0.18333333333333332,False,944,5569,False,
benefits_denial,unawareness,gradient_boosting,age,disparate_impact_ratio,1.1129722240189304,0.9605003727438682,1.262580268070008,0.21,False,944,5569,False,
benefits_denial,unawareness,gradient_boosting,age,equal_opportunity_diff,-0.06987577639751552,-0.1368090062111801,-0.015007763975155321,0.02,True,280,1288,False,
benefits_denial,unawareness,gradient_boosting,age,equalized_odds_diff,-0.06987577639751552,-0.1368090062111801,-0.015007763975155321,0.02,True,280,1288,False,driven_by_tpr_gap
benefits_denial,unawareness,gradient_boosting,age,predictive_parity_diff,0.011937355641935654,-0.054657624922539554,0.0750815447017069,0.8033333333333333,False,183,970,False,
benefits_denial,unawareness,gradient_boosting,age,accuracy_equality_diff,-0.04966601586871633,-0.07853429605016869,-0.022539368393741408,0.0,True,944,5569,False,
benefits_denial,unawareness,gradient_boosting,race,demographic_parity_diff,-0.08940035391886744,-0.11162744812549932,-0.06482333923198114,0.0,True,690,5823,False,
benefits_denial,unawareness,gradient_boosting,race,disparate_impact_ratio,0.5206487388515917,0.41099395588478876,0.6470566415400161,0.0,True,690,5823,False,
benefits_denial,unawareness,gradient_boosting,race,equal_opportunity_diff,-0.040803597807175906,-0.15561952204313426,0.059453271181433245,0.5433333333333333,False,82,1486,False,
benefits_denial,unawareness,gradient_boosting,race,equalized_odds_diff,-0.040803597807175906,-0.15561952204313426,0.059453271181433245,0.5433333333333333,False,82,1486,False,driven_by_tpr_gap
benefits_denial,unawareness,gradient_boosting,race,predictive_parity_diff,-0.13333883070833674,-0.2558866578708667,-0.006277658667986111,0.0033333333333333335,True,67,1086,False,
benefits_denial,unawareness,gradient_boosting,race,accuracy_equality_diff,0.05859746582144276,0.03629165453337213,0.07799179042627066,0.0,True,690,5823,False,
benefits_denial,unawareness,gradient_boosting,sex_x_national_origin,intersectional_demographic_parity_diff,-0.17801218761742427,-0.20444619313942786,-0.1470587706734775,0.0,True,235,3907,False,superadditive
benefits_denial,unawareness,gradient_boosting,sex_x_age,intersectional_demographic_parity_diff,-0.14818380182261584,-0.18201386214863302,-0.11335515338210757,0.0,True,294,3710,False,
benefits_denial,unawareness,gradient_boosting,sex_x_race,intersectional_demographic_parity_diff,-0.1813119323483211,-0.2036084635462802,-0.15152051665898977,0.0,True,338,4008,False,
benefits_denial,unawareness,gradient_boosting,national_origin_x_age,intersectional_demographic_parity_diff,0.01809628789403392,-0.0669885105838014,0.10772819892423931,0.62,False,88,4969,False,
benefits_denial,unawareness,gradient_boosting,national_origin_x_race,intersectional_demographic_parity_diff,-0.038111217641418976,-0.09717881112176414,0.042377456855225294,0.36333333333333334,False,80,5215,False,
benefits_denial,unawareness,gradient_boosting,age_x_race,intersectional_demographic_parity_diff,-0.028780541492405914,-0.10827142490278083,0.036664006897057726,0.53,False,77,4956,False,
benefits_denial,unawareness_proxy_removal,logistic_regression,sex,demographic_parity_diff,-0.05088067854966614,-0.06273990154552853,-0.03897198330045127,0.0,True,2153,4360,False,
benefits_denial,unawareness_proxy_removal,logistic_regression,sex,disparate_impact_ratio,0.5349313820180923,0.445903548826196,0.6277556749612327,0.0,True,2153,4360,False,
benefits_denial,unawareness_proxy_removal,logistic_regression,sex,equal_opportunity_diff,0.018133569217160528,-0.042354046881910655,0.07519460415745241,0.5566666666666666,False,238,1330,False,
benefits_denial,unawareness_proxy_removal,logistic_regression,sex,equalized_odds_diff,0.018133569217160528,-0.042354046881910655,0.07519460415745241,0.5566666666666666,False,238,1330,False,driven_by_tpr_gap
benefits_denial,unawareness_proxy_removal,logistic_regression,sex,predictive_parity_diff,-0.23285414794848758,-0.32202755315962867,-0.1330712788259959,0.0,True,126,477,False,
benefits_denial,unawareness_proxy_removal,logistic_regression,sex,accuracy_equality_diff,0.13386068937305318,0.114302725128581,0.15207070249747526,0.0,True,2153,4360,False,
benefits_denial,unawareness_proxy_removal,logistic_regression,national_origin,demographic_parity_diff,0.00536655354825831,-0.015875230811458235,0.029999762950394245,0.67,False,688,5825,False,
benefits_denial,unawareness_proxy_removal,logistic_regression,national_origin,disparate_impact_ratio,1.0583205871290757,0.8198708669596614,1.3312144148435159,0.67,False,688,5825,False,
benefits_denial,unawareness_proxy_removal,logistic_regression,national_origin,equal_opportunity_diff,0.06066686936252158,-0.014261933718455464,0.13558300395256914,0.15333333333333332,False,138,1430,False,
benefits_denial,unawareness_proxy_removal,logistic_regression,national_origin,equalized_odds_diff,0.06066686936252158,-0.014261933718455464,0.13558300395256914,0.15333333333333332,False,138,1430,False,driven_by_tpr_gap
benefits_denial,unawareness_proxy_removal,logistic_regression,national_origin,predictive_parity_diff,-0.05410447761194026,-0.18292910447761188,0.057835820895522305,0.35333333333333333,False,67,536,False,
benefits_denial,unawareness_proxy_removal,logistic_regression,national_origin,accuracy_equality_diff,0.037438117576604424,0.006673027497754279,0.06521411193731907,0.006666666666666667,True,688,5825,False,
benefits_denial,unawareness_proxy_removal,logistic_regression,age,demographic_parity_diff,0.027999656086507937,0.008102158665859135,0.04816272110898401,0.006666666666666667,True,944,5569,False,
benefits_denial,unawareness_proxy_removal,logistic_regression,age,disparate_impact_ratio,1.31628463155507,1.089645933615908,1.5567047959562503,0.013333333333333334,True,944,5569,False,
benefits_denial,unawareness_proxy_removal,logistic_regression,age,equal_opportunity_diff,0.013354037267080732,-0.03666925465838509,0.06708850931677017,0.6566666666666666,False,280,1288,False,
benefits_denial,unawareness_proxy_removal,logistic_regression,age,equalized_odds_diff,0.013354037267080732,-0.03666925465838509,0.06708850931677017,0.6566666666666666,False,280,1288,False,driven_by_tpr_gap
benefits_denial,unawareness_proxy_removal,logistic_regression,age,predictive_parity_diff,0.014032823160612162,-0.07242900608519269,0.09750276599668076,0.8033333333333333,False,110,493,False,
benefits_denial,unawareness_proxy_removal,logistic_regression,age,accuracy_equality_diff,-0.046554625940816385,-0.07396876360056119,-0.01852835840655449,0.0,True,944,5569,False,
benefits_denial,unawareness_proxy_removal,logistic_regression,race,demographic_parity_diff,-0.04195655907234431,-0.06028072710167327,-0.022250203466015618,0.0,True,690,5823,False,
benefits_denial,unawareness_proxy_removal,logistic_regression,race,disparate_impact_ratio,0.56759199014793,0.3902225045112291,0.7669707121452403,0.0,True,690,5823,False,
benefits_denial,unawareness_proxy_removal,logistic_regression,race,equal_opportunity_diff,0.031152545711190638,-0.05899656960903388,0.13575320881068834,0.6466666666666666,False,82,1486,False,
benefits_denial,unawareness_proxy_removal,logistic_regression,race,equalized_odds_diff,0.031152545711190638,-0.05899656960903388,0.13575320881068834,0.6466666666666666,False,82,1486,False,driven_by_tpr_gap
benefits_denial,unawareness_proxy_removal,logistic_regression,race,predictive_parity_diff,-0.0735444806707033,-0.22895086166744283,0.06205053563111284,0.36333333333333334,False,38,565,False,
benefits_denial,unawareness_proxy_removal,logistic_regression,race,accuracy_equality_diff,0.1044165192004719,0.08214229181133291,0.12825075226425936,0.0,True,690,5823,False,
benefits_denial,unawareness_proxy_removal,logistic_regression,sex_x_national_origin,intersectional_demographic_parity_diff,-0.060946800341993915,-0.08797210680230247,-0.03171713073643055,0.0,True,235,3907,False,superadditive
benefits_denial,unawareness_proxy_removal,logistic_regression,sex_x_age,intersectional_demographic_parity_diff,-0.03628545757925811,-0.06611763573353868,-0.007383519445514133,0.07666666666666666,False,294,3710,False,
benefits_denial,unawareness_proxy_removal,logistic_regression,sex_x_race,intersectional_demographic_parity_diff,-0.06347659710165468,-0.08681619748668344,-0.040186417106615184,0.0,True,338,4008,False,
benefits_denial,unawareness_proxy_removal,logistic_regression,national_origin_x_age,intersectional_demographic_parity_diff,0.02589235075650853,-0.04120776084450867,0.10123172762033697,0.37333333333333335,False,88,4969,False,
benefits_denial,unawareness_proxy_removal,logistic_regression,national_origin_x_race,intersectional_demographic_parity_diff,0.00297219558964526,-0.051941514860977936,0.061737775647171624,1.0,False,80,5215,False,
benefits_denial,unawareness_proxy_removal,logistic_regression,age_x_race,intersectional_demographic_parity_diff,-0.027881722796977038,-0.0792446254310661,0.029361104996698195,0.43666666666666665,False,77,4956,False,
benefits_denial,unawareness_proxy_removal,random_forest,sex,demographic_parity_diff,-0.0633407832893722,-0.07591770550586552,-0.05110518393366202,0.0,True,2153,4360,False,
benefits_denial,unawareness_proxy_removal,random_forest,sex,disparate_impact_ratio,0.4531417211097687,0.3704592191355018,0.5375577995144978,0.0,True,2153,4360,False,
benefits_denial,unawareness_proxy_removal,random_forest,sex,equal_opportunity_diff,0.016983635559486954,-0.037211410880141516,0.07015369305616981,0.6833333333333333,False,238,1330,False,
benefits_denial,unawareness_proxy_removal,random_forest,sex,equalized_odds_diff,0.016983635559486954,-0.037211410880141516,0.07015369305616981,0.6833333333333333,False,238,1330,False,driven_by_tpr_gap
benefits_denial,unawareness_proxy_removal,random_forest,sex,predictive_parity_diff,-0.14586874616665213,-0.22810523087707008,-0.059736265661964494,0.0,True,113,505,False,
benefits_denial,unawareness_proxy_removal,random_forest,sex,accuracy_equality_diff,0.12764001159039873,0.1087312827844229,0.14450853726611468,0.0,True,2153,4360,False,
benefits_denial,unawareness_proxy_removal,random_forest,national_origin,demographic_parity_diff,-0.0004588781315500584,-0.02249098587683401,0.025534316049505915,1.0,False,688,5825,False,
benefits_denial,unawareness_proxy_removal,random_forest,national_origin,disparate_impact_ratio,0.9951664792748266,0.776652974888321,1.2870502195015276,1.0,False,688,5825,False,
benefits_denial,unawareness_proxy_removal,random_forest,national_origin,equal_opportunity_diff,0.04864700516874432,-0.031535167730819866,0.12989181108746323,0.24333333333333335,False,138,1430,False,
benefits_denial,unawareness_proxy_removal,random_forest,national_origin,equalized_odds_diff,0.04864700516874432,-0.031535167730819866,0.12989181108746323,0.24333333333333335,False,138,1430,False,driven_by_tpr_gap
benefits_denial,unawareness_proxy_removal,random_forest,national_origin,predictive_parity_diff,-0.05530671859785774,-0.14307970510502155,0.03975865906245654,0.25,False,65,553,False,
benefits_denial,unawareness_proxy_removal,random_forest,national_origin,accuracy_equality_diff,0.0341074458528795,0.007266587234254955,0.05847658823235854,0.03666666666666667,True,688,5825,False,
benefits_denial,unawareness_proxy_removal,random_forest,age,demographic_parity_diff,0.029022836768917523,0.006413786898417698,0.05033492095315771,0.0033333333333333335,True,944,5569,False,
benefits_denial,unawareness_proxy_removal,random_forest,age,disparate_impact_ratio,1.320052268504987,1.0666094846049263,1.577087724873736,0.013333333333333334,True,944,5569,False,
benefits_denial,unawareness_proxy_removal,random_forest,age,equal_opportunity_diff,-0.013664596273291973,-0.07262422360248447,0.050780279503105534,0.69,False,280,1288,False,
benefits_denial,unawareness_proxy_removal,random_forest,age,equalized_odds_diff,0.01576699228589199,0.0036457937566664726,0.028337218882537856,0.0033333333333333335,True,664,4281,False,driven_by_fpr_gap
benefits_denial,unawareness_proxy_removal,random_forest,age,predictive_parity_diff,-0.059230701831245125,-0.13365723297993518,0.015636992902830004,0.09333333333333334,False,113,505,False,
benefits_denial,unawareness_proxy_removal,random_forest,age,accuracy_equality_diff,-0.05680906866400259,-0.08623865732216177,-0.029137186102851497,0.0,True,944,5569,False,
benefits_denial,unawareness_proxy_removal,random_forest,race,demographic_parity_diff,-0.05101658341359974,-0.06662612279640705,-0.031127593725033417,0.0,True,690,5823,False,
benefits_denial,unawareness_proxy_removal,random_forest,race,disparate_impact_ratio,0.491324309591017,0.33965279015641076,0.6705485674709866,0.0,True,690,5823,False,
benefits_denial,unawareness_proxy_removal,random_forest,race,equal_opportunity_diff,0.007090568886846338,-0.08476307323638511,0.1176985195154777,0.9066666666666666,False,82,1486,False,
benefits_denial,unawareness_proxy_removal,random_forest,race,equalized_odds_diff,-0.007685930730677281,-0.015172583598291323,0.0013198093516012708,0.17333333333333334,False,608,4337,False,driven_by_fpr_gap
benefits_denial,unawareness_proxy_removal,random_forest,race,predictive_parity_diff,-0.028908138597904975,-0.18795326349717967,0.07660908541498791,0.7966666666666666,False,34,584,False,
benefits_denial,unawareness_proxy_removal,random_forest,race,accuracy_equality_diff,0.09454412412546942,0.07408371226545407,0.11594837563186462,0.0,True,690,5823,False,
benefits_denial,unawareness_proxy_removal,random_forest,sex_x_national_origin,intersectional_demographic_parity_diff,-0.07262469435655589,-0.09765750507817393,-0.042110342048369276,0.0,True,235,3907,False,superadditive
benefits_denial,unawareness_proxy_removal,random_forest,sex_x_age,intersectional_demographic_parity_diff,-0.04615582081889359,-0.07618181234758052,-0.016187267359774108,0.02,True,294,3710,False,
benefits_denial,unawareness_proxy_removal,random_forest,sex_x_race,intersectional_demographic_parity_diff,-0.08229694457239367,-0.10627982201277918,-0.06067373389316043,0.0,True,338,4008,False,
benefits_denial,unawareness_proxy_removal,random_forest,national_origin_x_age,intersectional_demographic_parity_diff,0.03423727108070035,-0.03296849558169743,0.1054025869481695,0.2866666666666667,False,88,4969,False,superadditive
benefits_denial,unawareness_proxy_removal,random_forest,national_origin_x_race,intersectional_demographic_parity_diff,-0.0010546500479386295,-0.054434324065196535,0.0732790028763183,1.0,False,80,5215,False,
benefits_denial,unawareness_proxy_removal,random_forest,age_x_race,intersectional_demographic_parity_diff,-0.01832489544353952,-0.06947593367084891,0.04249394673123475,0.6866666666666666,False,77,4956,False,
benefits_denial,unawareness_proxy_removal,gradient_boosting,sex,demographic_parity_diff,-0.0654165086480567,-0.07889087181530358,-0.0519362490785207,0.0,True,2153,4360,False,
benefits_denial,unawareness_proxy_removal,gradient_boosting,sex,disparate_impact_ratio,0.4407577658639483,0.35942136275956654,0.529433801180698,0.0,True,2153,4360,False,
benefits_denial,unawareness_proxy_removal,gradient_boosting,sex,equal_opportunity_diff,0.004820875718708539,-0.0541220698805838,0.06103715170278637,0.9666666666666667,False,238,1330,False,
benefits_denial,unawareness_proxy_removal,gradient_boosting,sex,equalized_odds_diff,0.004820875718708539,-0.0541220698805838,0.06103715170278637,0.9666666666666667,False,238,1330,False,driven_by_tpr_gap
benefits_denial,unawareness_proxy_removal,gradient_boosting,sex,predictive_parity_diff,-0.15108638049814516,-0.23949655537890832,-0.06934684684684689,0.0,True,111,510,False,
benefits_denial,unawareness_proxy_removal,gradient_boosting,sex,accuracy_equality_diff,0.12556428623171423,0.1073694109350299,0.1429703779023935,0.0,True,2153,4360,False,
benefits_denial,unawareness_proxy_removal,gradient_boosting,national_origin,demographic_parity_diff,-0.0025990617826130297,-0.024676926339954088,0.025817534185048382,0.86,False,688,5825,False,
benefits_denial,unawareness_proxy_removal,gradient_boosting,national_origin,disparate_impact_ratio,0.972819790737878,0.7529260485990672,1.2775506656153046,0.86,False,688,5825,False,
benefits_denial,unawareness_proxy_removal,gradient_boosting,national_origin,equal_opportunity_diff,0.062440458092632045,-0.015272879294618416,0.13673989054423832,0.16666666666666666,False,138,1430,False,
benefits_denial,unawareness_proxy_removal,gradient_boosting,national_origin,equalized_odds_diff,0.062440458092632045,-0.015272879294618416,0.13673989054423832,0.16666666666666666,False,138,1430,False,driven_by_tpr_gap
benefits_denial,unawareness_proxy_removal,gradient_boosting,national_origin,predictive_parity_diff,-0.0065080789946140305,-0.09839612320466787,0.06496858168761221,1.0,False,64,557,False,
benefits_denial,unawareness_proxy_removal,gradient_boosting,national_origin,accuracy_equality_diff,0.04171823535282959,0.014353104102205793,0.06595210350334367,0.01,True,688,5825,False,
benefits_denial,unawareness_proxy_removal,gradient_boosting,age,demographic_parity_diff,0.0297230278996016,0.008471275995142621,0.051430997790431913,0.0033333333333333335,True,944,5569,False,
benefits_denial,unawareness_proxy_removal,gradient_boosting,age,disparate_impact_ratio,1.3264807183466683,1.0868865548955315,1.5814260935994793,0.006666666666666667,True,944,5569,False,
benefits_denial,unawareness_proxy_removal,gradient_boosting,age,equal_opportunity_diff,0.0013975155279503104,-0.05522127329192546,0.0617274844720497,1.0,False,280,1288,False,
benefits_denial,unawareness_proxy_removal,gradient_boosting,age,equalized_odds_diff,0.01054814914880264,-0.0011671774695136486,0.022858515350821625,0.043333333333333335,True,664,4281,False,driven_by_fpr_gap
benefits_denial,unawareness_proxy_removal,gradient_boosting,age,predictive_parity_diff,-0.025952455102252636,-0.09483675905740681,0.04251271670300006,0.4633333333333333,False,114,507,False,
benefits_denial,unawareness_proxy_removal,gradient_boosting,age,accuracy_equality_diff,-0.048675552620286,-0.0758099229314212,-0.02029085323263468,0.0,True,944,5569,False,
benefits_denial,unawareness_proxy_removal,gradient_boosting,race,demographic_parity_diff,-0.05153178176496502,-0.06649620321214972,-0.03318067782183098,0.0,True,690,5823,False,
benefits_denial,unawareness_proxy_removal,gradient_boosting,race,disparate_impact_ratio,0.48881330736408846,0.3367236237211821,0.6597490932107464,0.0,True,690,5823,False,
benefits_denial,unawareness_proxy_removal,gradient_boosting,race,equal_opportunity_diff,0.017939795817877413,-0.08064332140629614,0.13417301316350974,0.82,False,82,1486,False,
benefits_denial,unawareness_proxy_removal,gradient_boosting,race,equalized_odds_diff,0.017939795817877413,-0.08064332140629614,0.13417301316350974,0.82,False,82,1486,False,driven_by_tpr_gap
benefits_denial,unawareness_proxy_removal,gradient_boosting,race,predictive_parity_diff,0.001603367070848738,-0.11418854594648768,0.10014530514079557,1.0,False,34,587,False,
benefits_denial,unawareness_proxy_removal,gradient_boosting,race,accuracy_equality_diff,0.0972709420663187,0.07789321207505474,0.11966976905673901,0.0,True,690,5823,False,
benefits_denial,unawareness_proxy_removal,gradient_boosting,sex_x_national_origin,intersectional_demographic_parity_diff,-0.07416039950116812,-0.09940584003615986,-0.04351167299282794,0.0,True,235,3907,False,superadditive
benefits_denial,unawareness_proxy_removal,gradient_boosting,sex_x_age,intersectional_demographic_parity_diff,-0.05036580670003851,-0.07885861891926581,-0.018774868437941232,0.006666666666666667,True,294,3710,False,
benefits_denial,unawareness_proxy_removal,gradient_boosting,sex_x_race,intersectional_demographic_parity_diff,-0.08083537067876082,-0.10470409034003,-0.059332444578299025,0.0,True,338,4008,False,
benefits_denial,unawareness_proxy_removal,gradient_boosting,national_origin_x_age,intersectional_demographic_parity_diff,0.03363352787281143,-0.03407032693609469,0.10648429352897049,0.3,False,88,4969,False,superadditive
benefits_denial,unawareness_proxy_removal,gradient_boosting,national_origin_x_race,intersectional_demographic_parity_diff,0.01048657718120806,-0.04920421860019174,0.08362655800575258,0.8633333333333333,False,80,5215,False,
benefits_denial,unawareness_proxy_removal,gradient_boosting,age_x_race,intersectional_demographic_parity_diff,-0.03151368405605694,-0.08379971017682881,0.02249247927214025,0.4066666666666667,False,77,4956,False,
benefits_denial,in_processing,logistic_regression,sex,demographic_parity_diff,-0.021930568398266556,-0.03227600329388904,-0.011050369230900348,0.0,True,2153,4360,False,
benefits_denial,in_processing,logistic_regression,sex,disparate_impact_ratio,0.6680005878506764,0.5293188950861896,0.8336056757107284,0.0,True,2153,4360,False,
benefits_denial,in_processing,logistic_regression,sex,equal_opportunity_diff,0.04241486068111455,-0.010823750552852719,0.09911985846970363,0.10333333333333333,False,238,1330,False,
benefits_denial,in_processing,logistic_regression,sex,equalized_odds_diff,0.04241486068111455,-0.010823750552852719,0.09911985846970363,0.10333333333333333,False,238,1330,False,driven_by_tpr_gap
benefits_denial,in_processing,logistic_regression,sex,predictive_parity_diff,-0.2479897660818714,-0.35137883771929823,-0.1499424342105263,0.0,True,95,288,False,
benefits_denial,in_processing,logistic_regression,sex,accuracy_equality_diff,0.16058625259399084,0.13977726300404392,0.17900836575378073,0.0,True,2153,4360,False,
benefits_denial,in_processing,logistic_regression,national_origin,demographic_parity_diff,0.0025057390957181347,-0.01405692933426489,0.022536405828925018,0.8233333333333334,False,688,5825,False,
benefits_denial,in_processing,logistic_regression,national_origin,disparate_impact_ratio,1.042802583306482,0.7704732080099607,1.38741690622414,0.8233333333333334,False,688,5825,False,
benefits_denial,in_processing,logistic_regression,national_origin,equal_opportunity_diff,0.03951555690686123,-0.032306172088780775,0.11902655315698792,0.29,False,138,1430,False,
benefits_denial,in_processing,logistic_regression,national_origin,equalized_odds_diff,0.03951555690686123,-0.032306172088780775,0.11902655315698792,0.29,False,138,1430,False,driven_by_tpr_gap
benefits_denial,in_processing,logistic_regression,national_origin,predictive_parity_diff,-0.025066331517944462,-0.17516233766233763,0.11311618489037834,0.8766666666666667,False,42,341,False,
benefits_denial,in_processing,logistic_regression,national_origin,accuracy_equality_diff,0.04293192933426493,0.011551932578101609,0.07305812705858869,0.013333333333333334,True,688,5825,False,
benefits_denial,in_processing,logistic_regression,age,demographic_parity_diff,0.039009643273447754,0.021787162249559455,0.05614643600622087,0.0,True,944,5569,False,
benefits_denial,in_processing,logistic_regression,age,disparate_impact_ratio,1.7339210006208718,1.4036425309460538,2.1129507349994454,0.0,True,944,5569,False,
benefits_denial,in_processing,logistic_regression,age,equal_opportunity_diff,0.022826086956521746,-0.029747670807453417,0.0709782608695652,0.36666666666666664,False,280,1288,False,
benefits_denial,in_processing,logistic_regression,age,equalized_odds_diff,0.03171234341711626,0.015048447117130052,0.04811156855874795,0.0,True,664,4281,False,driven_by_fpr_gap
benefits_denial,in_processing,logistic_regression,age,predictive_parity_diff,-0.1191752096924511,-0.2365165812364088,-0.007578052190121209,0.02666666666666667,True,87,296,False,
benefits_denial,in_processing,logistic_regression,age,accuracy_equality_diff,-0.0685823992379121,-0.09672434287414285,-0.03955527781666672,0.0,True,944,5569,False,
benefits_denial,in_processing,logistic_regression,race,demographic_parity_diff,-0.009038371077212552,-0.02521024199389228,0.008615871095879154,0.33666666666666667,False,690,5823,False,
benefits_denial,in_processing,logistic_regression,race,disparate_impact_ratio,0.8487656490086699,0.5908092013888069,1.1456163952095906,0.33666666666666667,False,690,5823,False,
benefits_denial,in_processing,logistic_regression,race,equal_opportunity_diff,0.08651478843186816,0.008633424153891595,0.18243853198962667,0.04666666666666667,True,82,1486,False,
benefits_denial,in_processing,logistic_regression,race,equalized_odds_diff,0.08651478843186816,0.008633424153891595,0.18243853198962667,0.04666666666666667,True,82,1486,False,driven_by_tpr_gap
benefits_denial,in_processing,logistic_regression,race,predictive_parity_diff,-0.12413793103448278,-0.2957101806239737,0.04170771756978653,0.13,False,35,348,False,
benefits_denial,in_processing,logistic_regression,race,accuracy_equality_diff,0.11970895026469242,0.09426468501967455,0.14312342733836583,0.0,True,690,5823,False,
benefits_denial,in_processing,logistic_regression,sex_x_national_origin,intersectional_demographic_parity_diff,-0.03096896459709523,-0.05507381731643694,-0.0045605541608351756,0.04,True,235,3907,False,superadditive
benefits_denial,in_processing,logistic_regression,sex_x_age,intersectional_demographic_parity_diff,0.008458477730714932,-0.017076113464253626,0.03882813502759587,0.6,False,294,3710,False,
benefits_denial,in_processing,logistic_regression,sex_x_race,intersectional_demographic_parity_diff,-0.011651253705606539,-0.03560047065632049,0.013959617746754997,0.38,False,338,4008,False,
benefits_denial,in_processing,logistic_regression,national_origin_x_age,intersectional_demographic_parity_diff,0.038182184086792664,-0.019642236411204016,0.10331081111985198,0.17666666666666667,False,88,4969,False,
benefits_denial,in_processing,logistic_regression,national_origin_x_race,intersectional_demographic_parity_diff,0.015172579098753594,-0.04277534755512941,0.08008389261744966,0.5933333333333334,False,80,5215,False,superadditive
benefits_denial,in_processing,logistic_regression,age_x_race,intersectional_demographic_parity_diff,0.062403697996918334,-0.005386492039034401,0.1304713295179397,0.02,True,77,4956,False,superadditive
benefits_denial,in_processing,random_forest,sex,demographic_parity_diff,-0.03299577717458464,-0.04645172407180933,-0.0192454975349097,0.0,True,2153,4360,False,
benefits_denial,in_processing,random_forest,sex,disparate_impact_ratio,0.6990370789061652,0.5965433868962028,0.8128884733793201,0.0,True,2153,4360,False,
benefits_denial,in_processing,random_forest,sex,equal_opportunity_diff,0.07664750110570545,0.012128482972136223,0.13240490933215385,0.006666666666666667,True,238,1330,False,
benefits_denial,in_processing,random_forest,sex,equalized_odds_diff,0.07664750110570545,0.012128482972136223,0.13240490933215385,0.006666666666666667,True,238,1330,False,driven_by_tpr_gap
benefits_denial,in_processing,random_forest,sex,predictive_parity_diff,-0.293457588436668,-0.3746662228984405,-0.22216495498922276,0.0,True,165,478,False,
benefits_denial,in_processing,random_forest,sex,accuracy_equality_diff,0.12715753993787204,0.10754855077404261,0.14610790043336166,0.0,True,2153,4360,False,
benefits_denial,in_processing,random_forest,national_origin,demographic_parity_diff,-0.00475072362511228,-0.028888436969757455,0.02287958503842694,0.7066666666666667,False,688,5825,False,
benefits_denial,in_processing,random_forest,national_origin,disparate_impact_ratio,0.9521233802163169,0.7181325645119754,1.2265642689077687,0.7066666666666667,False,688,5825,False,
benefits_denial,in_processing,random_forest,national_origin,equal_opportunity_diff,0.01419884463362725,-0.07263073882639101,0.09868095672443487,0.78,False,138,1430,False,
benefits_denial,in_processing,random_forest,national_origin,equalized_odds_diff,0.01419884463362725,-0.07263073882639101,0.09868095672443487,0.78,False,138,1430,False,driven_by_tpr_gap
benefits_denial,in_processing,random_forest,national_origin,predictive_parity_diff,-0.07931860527016243,-0.2112849347883949,0.03866582379558158,0.19666666666666666,False,65,578,False,
benefits_denial,in_processing,random_forest,national_origin,accuracy_equality_diff,0.027343796786106433,-0.004976051751671823,0.05496064976544568,0.08666666666666667,False,688,5825,False,
benefits_denial,in_processing,random_forest,age,demographic_parity_diff,0.03568368784828849,0.012721888876376802,0.057604121331462574,0.0,True,944,5569,False,
benefits_denial,in_processing,random_forest,age,disparate_impact_ratio,1.381420985592418,1.1314166832308894,1.6278124659002153,0.0,True,944,5569,False,
benefits_denial,in_processing,random_forest,age,equal_opportunity_diff,-0.007298136645962738,-0.060399844720496886,0.047597049689441,0.8333333333333334,False,280,1288,False,
benefits_denial,in_processing,random_forest,age,equalized_odds_diff,0.027120394683147447,0.008509563833469836,0.04612415147626241,0.0,True,664,4281,False,driven_by_fpr_gap
benefits_denial,in_processing,random_forest,age,predictive_parity_diff,-0.07243321481388254,-0.1662852805135143,0.01629983323369301,0.07,False,122,521,False,
benefits_denial,in_processing,random_forest,age,accuracy_equality_diff,-0.06425818164110653,-0.09273491783358845,-0.0339100985783894,0.0,True,944,5569,False,
benefits_denial,in_processing,random_forest,race,demographic_parity_diff,-0.019647723793950536,-0.038377106526592444,0.001186822868833487,0.08666666666666667,False,690,5823,False,
benefits_denial,in_processing,random_forest,race,disparate_impact_ratio,0.8050978522368526,0.6142413279927558,1.0121925727166818,0.07333333333333333,False,690,5823,False,
benefits_denial,in_processing,random_forest,race,equal_opportunity_diff,0.06849292584446703,-0.028743065357975214,0.17661302235498796,0.22333333333333333,False,82,1486,False,
benefits_denial,in_processing,random_forest,race,equalized_odds_diff,0.06849292584446703,-0.028743065357975214,0.17661302235498796,0.22333333333333333,False,82,1486,False,driven_by_tpr_gap
benefits_denial,in_processing,random_forest,race,predictive_parity_diff,-0.23007422730591387,-0.37339453029934294,-0.10866923217327837,0.0,True,56,587,False,
benefits_denial,in_processing,random_forest,race,accuracy_equality_diff,0.08786297217182237,0.06347391155014973,0.11581149340322107,0.0,True,690,5823,False,
benefits_denial,in_processing,random_forest,sex_x_national_origin,intersectional_demographic_parity_diff,-0.037718443165295254,-0.0663345658910085,0.006026526311203535,0.08666666666666667,False,235,3907,False,
benefits_denial,in_processing,random_forest,sex_x_age,intersectional_demographic_parity_diff,0.01052496470286228,-0.030050378642022847,0.046209729174688734,0.5866666666666667,False,294,3710,False,
benefits_denial,in_processing,random_forest,sex_x_race,intersectional_demographic_parity_diff,-0.03485337018271149,-0.0633891610270583,-0.006767160944383434,0.06666666666666667,False,338,4008,False,
benefits_denial,in_processing,random_forest,national_origin_x_age,intersectional_demographic_parity_diff,0.042179695932966194,-0.029915304432938754,0.12184086792659946,0.18666666666666668,False,88,4969,False,superadditive
benefits_denial,in_processing,random_forest,national_origin_x_race,intersectional_demographic_parity_diff,0.0352948226270374,-0.03668504314477467,0.12481303930968361,0.4,False,80,5215,False,superadditive
benefits_denial,in_processing,random_forest,age_x_race,intersectional_demographic_parity_diff,0.008456233032504229,-0.056327500183432376,0.085238278670482,0.84,False,77,4956,False,
benefits_denial,in_processing,gradient_boosting,sex,demographic_parity_diff,-0.012245021881138754,-0.022889892277470725,0.0005739138262377603,0.09666666666666666,False,2153,4360,False,
benefits_denial,in_processing,gradient_boosting,sex,disparate_impact_ratio,0.8452532733158359,0.7266538395654937,1.0078404790256104,0.09,False,2153,4360,False,
benefits_denial,in_processing,gradient_boosting,sex,equal_opportunity_diff,0.12392746572313135,0.06250442282176034,0.1749568774878372,0.0,True,238,1330,False,
benefits_denial,in_processing,gradient_boosting,sex,equalized_odds_diff,0.12392746572313135,0.06250442282176034,0.1749568774878372,0.0,True,238,1330,False,driven_by_tpr_gap
benefits_denial,in_processing,gradient_boosting,sex,predictive_parity_diff,-0.29027777777777786,-0.38503472222222224,-0.2102989130434783,0.0,True,144,345,False,
benefits_denial,in_processing,gradient_boosting,sex,accuracy_equality_diff,0.14669322089510262,0.12648320617273953,0.16510550938097887,0.0,True,2153,4360,False,
benefits_denial,in_processing,gradient_boosting,national_origin,demographic_parity_diff,-0.005940712645972651,-0.02501776624413614,0.015786093921549053,0.56,False,688,5825,False,
benefits_denial,in_processing,gradient_boosting,national_origin,disparate_impact_ratio,0.9215324397069116,0.6698394491771893,1.212400016764302,0.56,False,688,5825,False,
benefits_denial,in_processing,gradient_boosting,national_origin,equal_opportunity_diff,0.003020168237559545,-0.0731453329279416,0.07461386439647301,1.0,False,138,1430,False,
benefits_denial,in_processing,gradient_boosting,national_origin,equalized_odds_diff,0.0042941358982314624,-0.008554555796876613,0.02043230944254835,0.5866666666666667,False,550,4395,False,driven_by_fpr_gap
benefits_denial,in_processing,gradient_boosting,national_origin,predictive_parity_diff,-0.08078231292517002,-0.23115433673469377,0.04370393990929666,0.31,False,48,441,False,
benefits_denial,in_processing,gradient_boosting,national_origin,accuracy_equality_diff,0.030205110290448145,3.3729663639090975e-05,0.05488239220481082,0.08,False,688,5825,False,
benefits_denial,in_processing,gradient_boosting,age,demographic_parity_diff,0.012542380490061497,-0.006339616285369071,0.03147381007453486,0.17,False,944,5569,False,
benefits_denial,in_processing,gradient_boosting,age,disparate_impact_ratio,1.1711950087356588,0.9181077339924792,1.445723391841721,0.18666666666666668,False,944,5569,False,
benefits_denial,in_processing,gradient_boosting,age,equal_opportunity_diff,-0.013975155279503104,-0.06468555900621117,0.03930124223602483,0.6333333333333333,False,280,1288,False,
benefits_denial,in_processing,gradient_boosting,age,equalized_odds_diff,-0.013975155279503104,-0.06468555900621117,0.03930124223602483,0.6333333333333333,False,280,1288,False,driven_by_tpr_gap
benefits_denial,in_processing,gradient_boosting,age,predictive_parity_diff,0.02550835148874364,-0.07204520697167756,0.11660539215686269,0.6666666666666666,False,81,408,False,
benefits_denial,in_processing,gradient_boosting,age,accuracy_equality_diff,-0.054004880223756824,-0.08005480075082709,-0.02571629305386054,0.0,True,944,5569,False,
benefits_denial,in_processing,gradient_boosting,race,demographic_parity_diff,-0.015894989136034758,-0.03124745200815357,0.004011677829297591,0.13666666666666666,False,690,5823,False,
benefits_denial,in_processing,gradient_boosting,race,disparate_impact_ratio,0.792941127437773,0.6059871816460015,1.0538990072795456,0.10666666666666667,False,690,5823,False,
benefits_denial,in_processing,gradient_boosting,race,equal_opportunity_diff,0.09037192659948134,-0.0005941634113514204,0.19465704297016048,0.06,False,82,1486,False,
benefits_denial,in_processing,gradient_boosting,race,equalized_odds_diff,0.09037192659948134,-0.0005941634113514204,0.19465704297016048,0.06,False,82,1486,False,driven_by_tpr_gap
benefits_denial,in_processing,gradient_boosting,race,predictive_parity_diff,-0.1513263023330137,-0.29308085650367527,-0.006539629274528675,0.02666666666666667,True,42,447,False,
benefits_denial,in_processing,gradient_boosting,race,accuracy_equality_diff,0.10857991921092514,0.08492671490117894,0.13094102098873275,0.0,True,690,5823,False,
benefits_denial,in_processing,gradient_boosting,sex_x_national_origin,intersectional_demographic_parity_diff,-0.024025616868795244,-0.05155961204384929,0.008821101242178489,0.18666666666666668,False,235,3907,False,superadditive
benefits_denial,in_processing,gradient_boosting,sex_x_age,intersectional_demographic_parity_diff,0.0008728019509690738,-0.02944455140546785,0.026764536003080472,1.0,False,294,3710,False,
benefits_denial,in_processing,gradient_boosting,sex_x_race,intersectional_demographic_parity_diff,-0.015999066954847707,-0.042038076214435026,0.011657454322124929,0.36666666666666664,False,338,4008,False,
benefits_denial,in_processing,gradient_boosting,national_origin_x_age,intersectional_demographic_parity_diff,0.0280123127023912,-0.03208512093159407,0.09912731663586964,0.39666666666666667,False,88,4969,False,superadditive
benefits_denial,in_processing,gradient_boosting,national_origin_x_race,intersectional_demographic_parity_diff,0.009647651006711402,-0.050654062799616484,0.07994696788111216,0.83,False,80,5215,False,
benefits_denial,in_processing,gradient_boosting,age_x_race,intersectional_demographic_parity_diff,-0.035494166850099054,-0.07446529459241323,0.014300388876659966,0.28,False,77,4956,False,superadditive
benefits_denial,post_processing,logistic_regression,sex,demographic_parity_diff,-0.0005010077681238401,-0.013481524606160807,0.013828581411898045,0.9566666666666667,False,2153,4360,False,
benefits_denial,post_processing,logistic_regression,sex,disparate_impact_ratio,0.9944133772088374,0.846484033957037,1.164572895394152,0.9566666666666667,False,2153,4360,False,
benefits_denial,post_processing,logistic_regression,sex,equal_opportunity_diff,0.13737284387439186,0.0714849624060151,0.18986731534719148,0.0,True,238,1330,False,
benefits_denial,post_processing,logistic_regression,sex,equalized_odds_diff,0.13737284387439186,0.0714849624060151,0.18986731534719148,0.0,True,238,1330,False,driven_by_tpr_gap
benefits_denial,post_processing,logistic_regression,sex,predictive_parity_diff,-0.37751758312020456,-0.45554933930093783,-0.30341438885336747,0.0,True,192,391,False,
benefits_denial,post_processing,logistic_regression,sex,accuracy_equality_diff,0.1268073778001253,0.10709566499912644,0.14512129437482155,0.0,True,2153,4360,False,
benefits_denial,post_processing,logistic_regression,national_origin,demographic_parity_diff,0.007174867751272587,-0.016819149865256018,0.03156377882024154,0.5733333333333334,False,688,5825,False,
benefits_denial,post_processing,logistic_regression,national_origin,disparate_impact_ratio,1.08083778292278,0.8168317407938692,1.3790861926821332,0.5733333333333334,False,688,5825,False,
benefits_denial,post_processing,logistic_regression,national_origin,equal_opportunity_diff,0.048910509780074996,-0.032077885882233696,0.1335068916590655,0.23333333333333334,False,138,1430,False,
benefits_denial,post_processing,logistic_regression,national_origin,equalized_odds_diff,0.048910509780074996,-0.032077885882233696,0.1335068916590655,0.23333333333333334,False,138,1430,False,driven_by_tpr_gap
benefits_denial,post_processing,logistic_regression,national_origin,predictive_parity_diff,-0.07994842037395233,-0.20291747259832357,0.037427466150870045,0.18333333333333332,False,66,517,False,
benefits_denial,post_processing,logistic_regression,national_origin,accuracy_equality_diff,0.0331120870346342,0.002006543816748181,0.06352379853278765,0.03666666666666667,True,688,5825,False,
benefits_denial,post_processing,logistic_regression,age,demographic_parity_diff,0.021679865234606827,0.0015490991673032584,0.040105634512784136,0.02666666666666667,True,944,5569,False,
benefits_denial,post_processing,logistic_regression,age,disparate_impact_ratio,1.2510057622462276,1.0169757796602859,1.489826969369574,0.043333333333333335,True,944,5569,False,
benefits_denial,post_processing,logistic_regression,age,equal_opportunity_diff,-0.0034161490683229934,-0.058392857142857156,0.046820652173913034,0.9466666666666667,False,280,1288,False,
benefits_denial,post_processing,logistic_regression,age,equalized_odds_diff,0.009490660610205363,-0.007715049053959356,0.026517633251998875,0.22666666666666666,False,664,4281,False,driven_by_fpr_gap
benefits_denial,post_processing,logistic_regression,age,predictive_parity_diff,0.009131303248950284,-0.07740970608617669,0.10242601198483546,0.94,False,102,481,False,
benefits_denial,post_processing,logistic_regression,age,accuracy_equality_diff,-0.0531251236414656,-0.08113535582872498,-0.023887355206332908,0.0,True,944,5569,False,
benefits_denial,post_processing,logistic_regression,race,demographic_parity_diff,-0.03203787081214673,-0.0502873724137416,-0.01159024557788086,0.006666666666666667,True,690,5823,False,
benefits_denial,post_processing,logistic_regression,race,disparate_impact_ratio,0.6551672573418301,0.4662146722939056,0.8710545079771702,0.0033333333333333335,True,690,5823,False,
benefits_denial,post_processing,logistic_regression,race,equal_opportunity_diff,0.05807044611495915,-0.036086810228802134,0.16639324754620352,0.23333333333333334,False,82,1486,False,
benefits_denial,post_processing,logistic_regression,race,equalized_odds_diff,0.05807044611495915,-0.036086810228802134,0.16639324754620352,0.23333333333333334,False,82,1486,False,driven_by_tpr_gap
benefits_denial,post_processing,logistic_regression,race,predictive_parity_diff,-0.10205967784526004,-0.27549621512190814,0.04449432268286235,0.21,False,42,541,False,
benefits_denial,post_processing,logistic_regression,race,accuracy_equality_diff,0.10823645364334833,0.08424674641041147,0.13219142232078182,0.0,True,690,5823,False,
benefits_denial,post_processing,logistic_regression,sex_x_national_origin,intersectional_demographic_parity_diff,-0.0031966628364800825,-0.03521619678808902,0.03986622483376807,0.9033333333333333,False,235,3907,False,
benefits_denial,post_processing,logistic_regression,sex_x_age,intersectional_demographic_parity_diff,0.022320626363753038,-0.015823706841227053,0.06095013477088949,0.19,False,294,3710,False,superadditive
benefits_denial,post_processing,logistic_regression,sex_x_race,intersectional_demographic_parity_diff,-0.027476112863031338,-0.052076505273476716,0.0028767907971040136,0.1,False,338,4008,False,
benefits_denial,post_processing,logistic_regression,national_origin_x_age,intersectional_demographic_parity_diff,0.028106075852101203,-0.03601128130774436,0.10806408825627983,0.36666666666666664,False,88,4969,False,
benefits_denial,post_processing,logistic_regression,national_origin_x_race,intersectional_demographic_parity_diff,0.019690795781399817,-0.045119846596356664,0.08884917305848511,0.52,False,80,5215,False,
benefits_denial,post_processing,logistic_regression,age_x_race,intersectional_demographic_parity_diff,-0.011868075427397456,-0.06545050994203536,0.049608371854134546,0.84,False,77,4956,False,
benefits_denial,post_processing,random_forest,sex,demographic_parity_diff,0.007418707414872355,-0.006905885536290316,0.024257492745347838,0.36,False,2153,4360,False,
benefits_denial,post_processing,random_forest,sex,disparate_impact_ratio,1.0673859802624366,0.9398385721553038,1.2229837303364806,0.36,False,2153,4360,False,
benefits_denial,post_processing,random_forest,sex,equal_opportunity_diff,0.17337461300309598,0.10400265369305618,0.23183215391419723,0.0,True,238,1330,False,
benefits_denial,post_processing,random_forest,sex,equalized_odds_diff,0.17337461300309598,0.10400265369305618,0.23183215391419723,0.0,True,238,1330,False,driven_by_tpr_gap
benefits_denial,post_processing,random_forest,sex,predictive_parity_diff,-0.44235836627140973,-0.5018527667984188,-0.3848688652832675,0.0,True,253,480,False,
benefits_denial,post_processing,random_forest,sex,accuracy_equality_diff,0.09672123812729838,0.07614692747904568,0.1144052303804804,0.0,True,2153,4360,False,
benefits_denial,post_processing,random_forest,national_origin,demographic_parity_diff,0.0025509032837608553,-0.023727530192633996,0.03112224273879628,0.7933333333333333,False,688,5825,False,
benefits_denial,post_processing,random_forest,national_origin,disparate_impact_ratio,1.0227199989050664,0.7963221462006701,1.2846706022887393,0.7933333333333333,False,688,5825,False,
benefits_denial,post_processing,random_forest,national_origin,equal_opportunity_diff,0.06129522651261782,-0.013023462045201158,0.14330318232492142,0.16666666666666666,False,138,1430,False,
benefits_denial,post_processing,random_forest,national_origin,equalized_odds_diff,0.06129522651261782,-0.013023462045201158,0.14330318232492142,0.16666666666666666,False,138,1430,False,driven_by_tpr_gap
benefits_denial,post_processing,random_forest,national_origin,predictive_parity_diff,-0.04759416250532267,-0.14728206170402197,0.06320162195641232,0.44333333333333336,False,79,654,False,
benefits_denial,post_processing,random_forest,national_origin,accuracy_equality_diff,0.03535507535682203,0.006811414562331646,0.05993716937818145,0.02666666666666667,True,688,5825,False,
benefits_denial,post_processing,random_forest,age,demographic_parity_diff,0.01952279720364851,-0.004914795812777143,0.042219737134439723,0.07333333333333333,False,944,5569,False,
benefits_denial,post_processing,random_forest,age,disparate_impact_ratio,1.177940207329139,0.956890368806655,1.406136439487581,0.11,False,944,5569,False,
benefits_denial,post_processing,random_forest,age,equal_opportunity_diff,-0.030434782608695643,-0.0850194099378882,0.02998447204968941,0.3566666666666667,False,280,1288,False,
benefits_denial,post_processing,random_forest,age,equalized_odds_diff,-0.030434782608695643,-0.0850194099378882,0.02998447204968941,0.3566666666666667,False,280,1288,False,driven_by_tpr_gap
benefits_denial,post_processing,random_forest,age,predictive_parity_diff,-0.0020257036301682962,-0.08327687746505326,0.07914296638136892,1.0,False,122,611,False,
benefits_denial,post_processing,random_forest,age,accuracy_equality_diff,-0.055532898521171936,-0.08497065227150292,-0.024969617487544553,0.0,True,944,5569,False,
benefits_denial,post_processing,random_forest,race,demographic_parity_diff,-0.03834569062712333,-0.05700066826452822,-0.016818351514608493,0.013333333333333334,True,690,5823,False,
benefits_denial,post_processing,random_forest,race,disparate_impact_ratio,0.6711560505693349,0.5171523189822249,0.8521800714890119,0.01,True,690,5823,False,
benefits_denial,post_processing,random_forest,race,equal_opportunity_diff,0.047795686570593854,-0.05449479696681215,0.15825304467714926,0.38,False,82,1486,False,
benefits_denial,post_processing,random_forest,race,equalized_odds_diff,0.047795686570593854,-0.05449479696681215,0.15825304467714926,0.38,False,82,1486,False,driven_by_tpr_gap
benefits_denial,post_processing,random_forest,race,predictive_parity_diff,-0.16503027327769593,-0.304415534827906,-0.028005509191076205,0.01,True,54,679,False,
benefits_denial,post_processing,random_forest,race,accuracy_equality_diff,0.08934584742662155,0.06437718865966295,0.11263145024602586,0.0,True,690,5823,False,
benefits_denial,post_processing,random_forest,sex_x_national_origin,intersectional_demographic_parity_diff,0.005346650038937209,-0.029086228210141094,0.052940466919713075,0.8633333333333333,False,235,3907,False,
benefits_denial,post_processing,random_forest,sex_x_age,intersectional_demographic_parity_diff,0.006854062379668846,-0.028374085483249902,0.04270215633423177,0.77,False,294,3710,False,
benefits_denial,post_processing,random_forest,sex_x_race,intersectional_demographic_parity_diff,-0.02230597975646341,-0.05397725259540091,0.009631033790407306,0.21333333333333335,False,338,4008,False,
benefits_denial,post_processing,random_forest,national_origin_x_age,intersectional_demographic_parity_diff,0.026884867999780446,-0.04140260524341829,0.10570583069576824,0.4633333333333333,False,88,4969,False,superadditive
benefits_denial,post_processing,random_forest,national_origin_x_race,intersectional_demographic_parity_diff,0.020337967401725804,-0.04660115052732502,0.10526366251198466,0.5966666666666667,False,80,5215,False,
benefits_denial,post_processing,random_forest,age_x_race,intersectional_demographic_parity_diff,-0.03567759923692128,-0.08944667620515076,0.02519673123486675,0.35333333333333333,False,77,4956,False,
benefits_denial,post_processing,gradient_boosting,sex,demographic_parity_diff,0.0057154088385312635,-0.008763606467612924,0.02026170012400021,0.45666666666666667,False,2153,4360,False,
benefits_denial,post_processing,gradient_boosting,sex,disparate_impact_ratio,1.0550087035277018,0.919702703672736,1.2109532180133544,0.45666666666666667,False,2153,4360,False,
benefits_denial,post_processing,gradient_boosting,sex,equal_opportunity_diff,0.1616983635559487,0.0893796992481203,0.22092436974789917,0.0,True,238,1330,False,
benefits_denial,post_processing,gradient_boosting,sex,equalized_odds_diff,0.1616983635559487,0.0893796992481203,0.22092436974789917,0.0,True,238,1330,False,driven_by_tpr_gap
benefits_denial,post_processing,gradient_boosting,sex,predictive_parity_diff,-0.44851648146069517,-0.5165841190556366,-0.388119925543458,0.0,True,236,453,False,
benefits_denial,post_processing,gradient_boosting,sex,accuracy_equality_diff,0.10110779923043167,0.08049303936900504,0.11885435087375411,0.0,True,2153,4360,False,
benefits_denial,post_processing,gradient_boosting,national_origin,demographic_parity_diff,0.003603902585088331,-0.01940357071564029,0.032519500449146616,0.7866666666666666,False,688,5825,False,
benefits_denial,post_processing,gradient_boosting,national_origin,disparate_impact_ratio,1.034189793815294,0.8175316280156705,1.3179687630775827,0.7866666666666666,False,688,5825,False,
benefits_denial,post_processing,gradient_boosting,national_origin,equal_opportunity_diff,0.046295733252255,-0.03267735887301102,0.13159749670619222,0.27666666666666667,False,138,1430,False,
benefits_denial,post_processing,gradient_boosting,national_origin,equalized_odds_diff,0.046295733252255,-0.03267735887301102,0.13159749670619222,0.27666666666666667,False,138,1430,False,driven_by_tpr_gap
benefits_denial,post_processing,gradient_boosting,national_origin,predictive_parity_diff,-0.0799782844733985,-0.17418186753528772,0.01809663409337675,0.11,False,75,614,False,
benefits_denial,post_processing,gradient_boosting,national_origin,accuracy_equality_diff,0.029541121868449927,-0.0005902285657251182,0.05747592075057388,0.056666666666666664,False,688,5825,False,
benefits_denial,post_processing,gradient_boosting,age,demographic_parity_diff,0.026184789588855978,0.0036047098648389585,0.04775117573522921,0.023333333333333334,True,944,5569,False,
benefits_denial,post_processing,gradient_boosting,age,disparate_impact_ratio,1.2567282808108153,1.0341870751269908,1.4938102531194668,0.03333333333333333,True,944,5569,False,
benefits_denial,post_processing,gradient_boosting,age,equal_opportunity_diff,-0.016149068322981353,-0.07340450310559005,0.03855590062111798,0.6233333333333333,False,280,1288,False,
benefits_denial,post_processing,gradient_boosting,age,equalized_odds_diff,-0.016149068322981353,-0.07340450310559005,0.03855590062111798,0.6233333333333333,False,280,1288,False,driven_by_tpr_gap
benefits_denial,post_processing,gradient_boosting,age,predictive_parity_diff,-0.021359562332673665,-0.10069658654405773,0.04708197532301239,0.5933333333333334,False,121,568,False,
benefits_denial,post_processing,gradient_boosting,age,accuracy_equality_diff,-0.056053524200249005,-0.08513152408459658,-0.02846461932885127,0.0,True,944,5569,False,
benefits_denial,post_processing,gradient_boosting,race,demographic_parity_diff,-0.04213650516318347,-0.06104859664449073,-0.02134427569831777,0.0033333333333333335,True,690,5823,False,
benefits_denial,post_processing,gradient_boosting,race,disparate_impact_ratio,0.6178214265741677,0.45341773523803564,0.7988647848947211,0.0033333333333333335,True,690,5823,False,
benefits_denial,post_processing,gradient_boosting,race,equal_opportunity_diff,0.06394642681285495,-0.03878475527689327,0.18201752946197006,0.25,False,82,1486,False,
benefits_denial,post_processing,gradient_boosting,race,equalized_odds_diff,0.06394642681285495,-0.03878475527689327,0.18201752946197006,0.25,False,82,1486,False,driven_by_tpr_gap
benefits_denial,post_processing,gradient_boosting,race,predictive_parity_diff,-0.08136143699874065,-0.20102323192152186,0.04875140849738172,0.18333333333333332,False,47,642,False,
benefits_denial,post_processing,gradient_boosting,race,accuracy_equality_diff,0.10137983558452612,0.079166312001135,0.12502607724988613,0.0,True,690,5823,False,
benefits_denial,post_processing,gradient_boosting,sex_x_national_origin,intersectional_demographic_parity_diff,0.011233519759950766,-0.024395057425570032,0.055608754608476856,0.6733333333333333,False,235,3907,False,superadditive
benefits_denial,post_processing,gradient_boosting,sex_x_age,intersectional_demographic_parity_diff,0.020125786163522008,-0.016820690540367084,0.057245860608394296,0.32666666666666666,False,294,3710,False,
benefits_denial,post_processing,gradient_boosting,sex_x_race,intersectional_demographic_parity_diff,-0.036279511981953255,-0.06397737070238221,-0.006878808950147121,0.03666666666666667,True,338,4008,False,
benefits_denial,post_processing,gradient_boosting,national_origin_x_age,intersectional_demographic_parity_diff,0.04589591833000971,-0.029831603670026886,0.13303738862767311,0.19,False,88,4969,False,superadditive
benefits_denial,post_processing,gradient_boosting,national_origin_x_race,intersectional_demographic_parity_diff,0.03897411313518695,-0.030841023489932885,0.12129883748801532,0.2633333333333333,False,80,5215,False,
benefits_denial,post_processing,gradient_boosting,age_x_race,intersectional_demographic_parity_diff,-0.041198914080270016,-0.09396415731161493,0.013104868295546232,0.25,False,77,4956,False,
compas,baseline,logistic_regression,race,demographic_parity_diff,0.8552942002313437,0.838415551150462,0.8705822086610449,0.0,True,1788,1466,False,
compas,baseline,logistic_regression,race,disparate_impact_ratio,74.7501870449966,50.42487801150688,128.06779244328328,0.0,True,1788,1466,False,
compas,baseline,logistic_regression,race,equal_opportunity_diff,0.9260608562041289,0.9115151016721971,0.9407290525851218,0.0,True,1048,467,False,
compas,baseline,logistic_regression,race,equalized_odds_diff,0.9260608562041289,0.9115151016721971,0.9407290525851218,0.0,True,1048,467,False,driven_by_tpr_gap
compas,baseline,logistic_regression,race,predictive_parity_diff,0.5113851992409867,0.33751138519924107,0.6374838709677418,0.0,True,1550,17,True,
compas,baseline,logistic_regression,race,accuracy_equality_diff,-0.03499455213016289,-0.06781531644951493,-0.003540867416855128,0.05,False,1788,1466,False,
compas,baseline,random_forest,race,demographic_parity_diff,0.8639161791052065,0.846294304000293,0.8778138171407992,0.0,True,1788,1466,False,
compas,baseline,random_forest,race,disparate_impact_ratio,212.03195761972702,115.09091386942436,636.6660198946655,0.0,True,1788,1466,False,
compas,baseline,random_forest,race,equal_opportunity_diff,0.9229653301077202,0.9075758659300064,0.9385877249619955,0.0,True,1048,467,False,
compas,baseline,random_forest,race,equalized_odds_diff,0.9229653301077202,0.9075758659300064,0.9385877249619955,0.0,True,1048,467,False,driven_by_tpr_gap
compas,baseline,random_forest,race,predictive_parity_diff,0.12757731958762886,-0.2154531786941581,0.4728790807560137,0.6866666666666666,False,1552,6,True,
compas,baseline,random_forest,race,accuracy_equality_diff,-0.04609935571690604,-0.07608398494129417,-0.015113527808552376,0.01,True,1788,1466,False,
compas,baseline,gradient_boosting,race,demographic_parity_diff,0.85489972562269,0.8381089177203793,0.8706825250037387,0.0,True,1788,1466,False,
compas,baseline,gradient_boosting,race,disparate_impact_ratio,627.1825071037248,251.9587119705272,864388.5838926175,0.0,True,1788,1466,False,
compas,baseline,gradient_boosting,race,equal_opportunity_diff,0.917473069944587,0.9005401335469212,0.9325199319188583,0.0,True,1048,467,False,
compas,baseline,gradient_boosting,race,equalized_odds_diff,0.917473069944587,0.9005401335469212,0.9325199319188583,0.0,True,1048,467,False,driven_by_tpr_gap
compas,baseline,gradient_boosting,race,predictive_parity_diff,-0.3690398432397126,-0.3928967994774657,-0.3425375571521882,0.5566666666666666,False,1531,2,True,
compas,baseline,gradient_boosting,race,accuracy_equality_diff,-0.04466719161546895,-0.07691203826632609,-0.013201794745018333,0.016666666666666666,True,1788,1466,False,
compas,unawareness,logistic_regression,race,demographic_parity_diff,0.1715575414083888,0.13913045054036158,0.20469482009821424,0.0,True,1788,1466,False,
compas,unawareness,logistic_regression,race,disparate_impact_ratio,1.3966920727982954,1.3083140893296568,1.504324872940089,0.0,True,1788,1466,False,
compas,unawareness,logistic_regression,race,equal_opportunity_diff,0.1413603151511189,0.08995680566225867,0.19435112460565246,0.0,True,1048,467,False,
compas,unawareness,logistic_regression,race,equalized_odds_diff,0.1431431431431432,0.0999324324324324,0.1881256256256256,0.0,True,740,999,False,driven_by_fpr_gap
compas,unawareness,logistic_regression,race,predictive_parity_diff,0.2558125949293142,0.20374948884215452,0.3028781837831522,0.0,True,1080,634,False,
compas,unawareness,logistic_regression,race,accuracy_equality_diff,-0.0018357947938508756,-0.03709133346151848,0.03095498335118772,0.94,False,1788,1466,False,
compas,unawareness,random_forest,race,demographic_parity_diff,0.17969501084995926,0.14600317868707857,0.21293144229683403,0.0,True,1788,1466,False,
compas,unawareness,random_forest,race,disparate_impact_ratio,1.3668974206607545,1.2887952497733912,1.45105477224647,0.0,True,1788,1466,False,
compas,unawareness,random_forest,race,equal_opportunity_diff,0.12706164081272375,0.0764295609461072,0.17407313001618255,0.0,True,1048,467,False,
compas,unawareness,random_forest,race,equalized_odds_diff,0.14599599599599605,0.09998373373373375,0.19522147147147148,0.0,True,740,999,False,driven_by_fpr_gap
compas,unawareness,random_forest,race,predictive_parity_diff,0.24717550608182476,0.1998015291245756,0.2886755537869744,0.0,True,1197,718,False,
compas,unawareness,random_forest,race,accuracy_equality_diff,0.024832062163704594,-0.009840405645030782,0.057211026366469186,0.15333333333333332,False,1788,1466,False,
compas,unawareness,gradient_boosting,race,demographic_parity_diff,0.17707637089464096,0.1446228990602806,0.21065621270803386,0.0,True,1788,1466,False,
compas,unawareness,gradient_boosting,race,disparate_impact_ratio,1.3645975073477499,1.2902892590078816,1.4545291916235046,0.0,True,1788,1466,False,
compas,unawareness,gradient_boosting,race,equal_opportunity_diff,0.1246649067459994,0.07277321338084575,0.17431673668208644,0.0,True,1048,467,False,
compas,unawareness,gradient_boosting,race,equalized_odds_diff,0.14324324324324322,0.09922172172172172,0.1901689189189189,0.0,True,740,999,False,driven_by_fpr_gap
compas,unawareness,gradient_boosting,race,predictive_parity_diff,0.24724790214763187,0.195051172189826,0.294749176267008,0.0,True,1185,712,False,
compas,unawareness,gradient_boosting,race,accuracy_equality_diff,0.022349237450824178,-0.012184344012378952,0.05632630069799871,0.21333333333333335,False,1788,1466,False,
compas,unawareness_proxy_removal,logistic_regression,race,demographic_parity_diff,0.11548873649096147,0.08818964385886202,0.1429232628620086,0.0,True,1788,1466,False,
compas,unawareness_proxy_removal,logistic_regression,race,disparate_impact_ratio,1.1606321178454124,1.1197091133366033,1.2034847081342834,0.0,True,1788,1466,False,
compas,unawareness_proxy_removal,logistic_regression,race,equal_opportunity_diff,0.06874111185576282,0.027985701325661624,0.10362477932883271,0.0,True,1048,467,False,
compas,unawareness_proxy_removal,logistic_regression,race,equalized_odds_diff,0.07352352352352354,0.035132632632632665,0.11522897897897898,0.0,True,740,999,False,driven_by_fpr_gap
compas,unawareness_proxy_removal,logistic_regression,race,predictive_parity_diff,0.26430780735713816,0.2244384026636686,0.30195485982164205,0.0,True,1492,1054,False,
compas,unawareness_proxy_removal,logistic_regression,race,accuracy_equality_diff,0.14328660678587885,0.11104849367162015,0.17848324131469154,0.0,True,1788,1466,False,
compas,unawareness_proxy_removal,random_forest,race,demographic_parity_diff,0.12030559955562481,0.09120153761166609,0.148365181244678,0.0,True,1788,1466,False,
compas,unawareness_proxy_removal,random_forest,race,disparate_impact_ratio,1.17073355145514,1.1254405254923965,1.2170997145041733,0.0,True,1788,1466,False,
compas,unawareness_proxy_removal,random_forest,race,equal_opportunity_diff,0.06729857626232072,0.02867090573254658,0.10210557072102253,0.0,True,1048,467,False,
compas,unawareness_proxy_removal,random_forest,race,equalized_odds_diff,0.07767767767767775,0.03568818818818822,0.11678928928928929,0.0033333333333333335,True,740,999,False,driven_by_fpr_gap
compas,unawareness_proxy_removal,random_forest,race,predictive_parity_diff,0.2619731898206638,0.2226129423925706,0.30737319310220346,0.0,True,1475,1033,False,
compas,unawareness_proxy_removal,random_forest,race,accuracy_equality_diff,0.13448684728567895,0.10223862432893532,0.1711183927410568,0.0,True,1788,1466,False,
compas,unawareness_proxy_removal,gradient_boosting,race,demographic_parity_diff,0.12030559955562481,0.09120153761166609,0.148365181244678,0.0,True,1788,1466,False,
compas,unawareness_proxy_removal,gradient_boosting,race,disparate_impact_ratio,1.17073355145514,1.1254405254923965,1.2170997145041733,0.0,True,1788,1466,False,
compas,unawareness_proxy_removal,gradient_boosting,race,equal_opportunity_diff,0.06729857626232072,0.02867090573254658,0.10210557072102253,0.0,True,1048,467,False,
compas,unawareness_proxy_removal,gradient_boosting,race,equalized_odds_diff,0.07767767767767775,0.03568818818818822,0.11678928928928929,0.0033333333333333335,True,740,999,False,driven_by_fpr_gap
compas,unawareness_proxy_removal,gradient_boosting,race,predictive_parity_diff,0.2619731898206638,0.2226129423925706,0.30737319310220346,0.0,True,1475,1033,False,
compas,unawareness_proxy_removal,gradient_boosting,race,accuracy_equality_diff,0.13448684728567895,0.10223862432893532,0.1711183927410568,0.0,True,1788,1466,False,
compas,in_processing,logistic_regression,race,demographic_parity_diff,-0.01355100396458428,-0.038447120564258926,0.010003555612526744,0.30333333333333334,False,1788,1466,False,
compas,in_processing,logistic_regression,race,disparate_impact_ratio,0.9223997732416089,0.7933057770825154,1.0623377297359882,0.30333333333333334,False,1788,1466,False,
compas,in_processing,logistic_regression,race,equal_opportunity_diff,-0.04547256321820292,-0.09002147457377774,-0.009978270019778678,0.03333333333333333,True,1048,467,False,
compas,in_processing,logistic_regression,race,equalized_odds_diff,-0.04547256321820292,-0.09002147457377774,-0.009978270019778678,0.03333333333333333,True,1048,467,False,driven_by_tpr_gap
compas,in_processing,logistic_regression,race,predictive_parity_diff,0.2269965277777778,0.15689019097222223,0.30927734375,0.0,True,288,256,False,
compas,in_processing,logistic_regression,race,accuracy_equality_diff,-0.19159105267494986,-0.223459279080485,-0.155941783330434,0.0,True,1788,1466,False,
compas,in_processing,random_forest,race,demographic_parity_diff,0.029057594818877416,0.0021706594821929446,0.052805023485354846,0.0033333333333333335,True,1788,1466,False,
compas,in_processing,random_forest,race,disparate_impact_ratio,1.2748260071583728,1.0187716660680628,1.5647033520048086,0.0033333333333333335,True,1788,1466,False,
compas,in_processing,random_forest,race,equal_opportunity_diff,0.02440255324713536,-0.01226803986792422,0.05465983948215831,0.19666666666666666,False,1048,467,False,
compas,in_processing,random_forest,race,equalized_odds_diff,0.02440255324713536,-0.01226803986792422,0.05465983948215831,0.19666666666666666,False,1048,467,False,driven_by_tpr_gap
compas,in_processing,random_forest,race,predictive_parity_diff,0.26341855173336903,0.17397336367286845,0.3538930531388032,0.0,True,241,155,False,
compas,in_processing,random_forest,race,accuracy_equality_diff,-0.20500090034823643,-0.2331292098910121,-0.17116440206195008,0.0,True,1788,1466,False,
compas,in_processing,gradient_boosting,race,demographic_parity_diff,0.025006790762121894,0.00205056218354286,0.04779685549563405,0.016666666666666666,True,1788,1466,False,
compas,in_processing,gradient_boosting,race,disparate_impact_ratio,1.2493849636660814,1.0172260760694118,1.5460148228381165,0.016666666666666666,True,1788,1466,False,
compas,in_processing,gradient_boosting,race,equal_opportunity_diff,0.017956094610719717,-0.0204249043758275,0.05189623959984961,0.3566666666666667,False,1048,467,False,
compas,in_processing,gradient_boosting,race,equalized_odds_diff,0.02042042042042043,-0.010539289289289284,0.0477177177177177,0.18333333333333332,False,740,999,False,driven_by_fpr_gap
compas,in_processing,gradient_boosting,race,predictive_parity_diff,0.2576530612244898,0.15032419217687082,0.345562287414966,0.0,True,224,147,False,
compas,in_processing,gradient_boosting,race,accuracy_equality_diff,-0.20965295390522237,-0.2408927677620395,-0.17635799982298245,0.0,True,1788,1466,False,
compas,post_processing,logistic_regression,race,demographic_parity_diff,0.02300923848851366,-0.005147950868454566,0.05235370485669208,0.18666666666666668,False,1788,1466,False,
compas,post_processing,logistic_regression,race,disparate_impact_ratio,1.0351369709514184,0.9923191468564578,1.0829102279213139,0.18666666666666668,False,1788,1466,False,
compas,post_processing,logistic_regression,race,equal_opportunity_diff,-0.01591897281658139,-0.0677013011425862,0.030328851120519137,0.5033333333333333,False,1048,467,False,
compas,post_processing,logistic_regression,race,equalized_odds_diff,-0.01591897281658139,-0.0677013011425862,0.030328851120519137,0.5033333333333333,False,1048,467,False,driven_by_tpr_gap
compas,post_processing,logistic_regression,race,predictive_parity_diff,0.27051361386138617,0.22957508250825084,0.3136350041254125,0.0,True,1212,960,False,
compas,post_processing,logistic_regression,race,accuracy_equality_diff,0.09297697855339981,0.06029399421945911,0.13341362074280252,0.0,True,1788,1466,False,
compas,post_processing,random_forest,race,demographic_parity_diff,0.023733332112522154,-0.005925397755538661,0.05078913996905245,0.16666666666666666,False,1788,1466,False,
compas,post_processing,random_forest,race,disparate_impact_ratio,1.036818000954252,0.9911038553204635,1.0812926264624783,0.16666666666666666,False,1788,1466,False,
compas,post_processing,random_forest,race,equal_opportunity_diff,-0.021644163656276083,-0.07273694566585483,0.02607919438677933,0.36666666666666664,False,1048,467,False,
compas,post_processing,random_forest,race,equalized_odds_diff,-0.021644163656276083,-0.07273694566585483,0.02607919438677933,0.36666666666666664,False,1048,467,False,driven_by_tpr_gap
compas,post_processing,random_forest,race,predictive_parity_diff,0.2687387925881649,0.2290476190476191,0.30844878351154503,0.0,True,1195,945,False,
compas,post_processing,random_forest,race,accuracy_equality_diff,0.08554147553341818,0.055724250040439335,0.1262143256086506,0.0,True,1788,1466,False,
compas,post_processing,gradient_boosting,race,demographic_parity_diff,0.025097588592740472,-0.004197415847960229,0.052828714852083465,0.14666666666666667,False,1788,1466,False,
compas,post_processing,gradient_boosting,race,disparate_impact_ratio,1.039016975268369,0.9937299989676188,1.0849837003232674,0.14666666666666667,False,1788,1466,False,
compas,post_processing,gradient_boosting,race,equal_opportunity_diff,-0.01950283603314973,-0.07273694566585483,0.028197892999002792,0.39666666666666667,False,1048,467,False,
compas,post_processing,gradient_boosting,race,equalized_odds_diff,-0.01950283603314973,-0.07273694566585483,0.028197892999002792,0.39666666666666667,False,1048,467,False,driven_by_tpr_gap
compas,post_processing,gradient_boosting,race,predictive_parity_diff,0.26901147854483815,0.22665771130150814,0.31130312764834034,0.0,True,1195,943,False,
compas,post_processing,gradient_boosting,race,accuracy_equality_diff,0.08554147553341818,0.05605587194911653,0.1255443482546978,0.0,True,1788,1466,False,
german_credit_lending,baseline,logistic_regression,age,demographic_parity_diff,-0.12877530700298712,-0.2502350923774753,0.006344728399159173,0.04,True,69,131,False,
german_credit_lending,baseline,logistic_regression,age,disparate_impact_ratio,0.8438005115253859,0.7098451058828394,1.0086926510897065,0.04,True,69,131,False,
german_credit_lending,baseline,logistic_regression,age,equal_opportunity_diff,-0.1730994152046783,-0.2959064327485381,-0.025614035087719395,0.013333333333333334,True,45,95,False,
german_credit_lending,baseline,logistic_regression,age,equalized_odds_diff,-0.1730994152046783,-0.2959064327485381,-0.025614035087719395,0.013333333333333334,True,45,95,False,driven_by_tpr_gap
german_credit_lending,baseline,logistic_regression,age,predictive_parity_diff,-0.11111111111111116,-0.26278935185185187,0.02679398148148136,0.17666666666666667,False,48,108,False,
german_credit_lending,baseline,logistic_regression,age,accuracy_equality_diff,-0.15311428255337978,-0.30077165615665447,-0.012722646310432628,0.056666666666666664,False,69,131,False,
german_credit_lending,baseline,random_forest,age,demographic_parity_diff,-0.07235313640889474,-0.16734981745768335,0.04746100232326589,0.26,False,69,131,False,
german_credit_lending,baseline,random_forest,age,disparate_impact_ratio,0.9153727697910888,0.8051133346467318,1.059781120819811,0.26,False,69,131,False,
german_credit_lending,baseline,random_forest,age,equal_opportunity_diff,-0.07017543859649122,-0.1807309941520468,0.038596491228070184,0.20333333333333334,False,45,95,False,
german_credit_lending,baseline,random_forest,age,equalized_odds_diff,-0.07017543859649122,-0.1807309941520468,0.038596491228070184,0.20333333333333334,False,45,95,False,driven_by_tpr_gap
german_credit_lending,baseline,random_forest,age,predictive_parity_diff,-0.07242063492063489,-0.2017361111111111,0.05157903439153425,0.30666666666666664,False,54,112,False,
german_credit_lending,baseline,random_forest,age,accuracy_equality_diff,-0.08297378028542979,-0.21613840026551606,0.03492366412213738,0.29333333333333333,False,69,131,False,
german_credit_lending,baseline,gradient_boosting,age,demographic_parity_diff,-0.033410775528266434,-0.13604104436331457,0.08489324040269941,0.5866666666666667,False,69,131,False,
german_credit_lending,baseline,gradient_boosting,age,disparate_impact_ratio,0.958316132060798,0.8349482336804613,1.1125133679713648,0.5866666666666667,False,69,131,False,
german_credit_lending,baseline,gradient_boosting,age,equal_opportunity_diff,-0.04912280701754379,-0.14804093567251464,0.07134502923976616,0.56,False,45,95,False,
german_credit_lending,baseline,gradient_boosting,age,equalized_odds_diff,0.08333333333333337,-0.16666666666666669,0.3194444444444445,0.5666666666666667,False,24,36,True,driven_by_fpr_gap
german_credit_lending,baseline,gradient_boosting,age,predictive_parity_diff,-0.09272237196765509,-0.22984725965858038,0.053876909254267566,0.25666666666666665,False,53,105,False,
german_credit_lending,baseline,gradient_boosting,age,accuracy_equality_diff,-0.09138179002101998,-0.23415477375815907,0.016558800752295547,0.19333333333333333,False,69,131,False,
german_credit_lending,unawareness,logistic_regression,age,demographic_parity_diff,-0.08452262418409118,-0.20050337426706497,0.036859718995464016,0.18666666666666668,False,69,131,False,
german_credit_lending,unawareness,logistic_regression,age,disparate_impact_ratio,0.8955429237335948,0.7594205579115632,1.047543598512435,0.18666666666666668,False,69,131,False,
german_credit_lending,unawareness,logistic_regression,age,equal_opportunity_diff,-0.10760233918128659,-0.25026315789473674,0.04450292397660814,0.16666666666666666,False,45,95,False,
german_credit_lending,unawareness,logistic_regression,age,equalized_odds_diff,-0.10760233918128659,-0.25026315789473674,0.04450292397660814,0.16666666666666666,False,45,95,False,driven_by_tpr_gap
german_credit_lending,unawareness,logistic_regression,age,predictive_parity_diff,-0.09358490566037736,-0.24851886792452835,0.056915094339622094,0.26,False,50,106,False,
german_credit_lending,unawareness,logistic_regression,age,accuracy_equality_diff,-0.10886159973448384,-0.24965980750082967,0.02393516981967031,0.17666666666666667,False,69,131,False,
german_credit_lending,unawareness,random_forest,age,demographic_parity_diff,0.000885053656377921,-0.1036619095032636,0.1046575948666888,1.0,False,69,131,False,
german_credit_lending,unawareness,random_forest,age,disparate_impact_ratio,1.0010540171900841,0.8826596822577081,1.1336066216775647,1.0,False,69,131,False,
german_credit_lending,unawareness,random_forest,age,equal_opportunity_diff,0.01754385964912286,-0.06567251461988301,0.1040935672514619,0.7433333333333333,False,45,95,False,
german_credit_lending,unawareness,random_forest,age,equalized_odds_diff,0.02777777777777779,-0.23611111111111113,0.2645833333333327,1.0,False,24,36,True,driven_by_fpr_gap
german_credit_lending,unawareness,random_forest,age,predictive_parity_diff,-0.06677115987460813,-0.2151410658307209,0.08641065830720986,0.3466666666666667,False,58,110,False,
german_credit_lending,unawareness,random_forest,age,accuracy_equality_diff,-0.03872109746653396,-0.16704004867795105,0.07762750304237187,0.6233333333333333,False,69,131,False,
german_credit_lending,unawareness,gradient_boosting,age,demographic_parity_diff,-0.0394955194158646,-0.1540574178559575,0.0972701626286092,0.5933333333333334,False,69,131,False,
german_credit_lending,unawareness,gradient_boosting,age,disparate_impact_ratio,0.9492754274651053,0.8072828348572475,1.133493929106052,0.5933333333333334,False,69,131,False,
german_credit_lending,unawareness,gradient_boosting,age,equal_opportunity_diff,-0.01754385964912275,-0.10827485380116954,0.09608187134502906,0.79,False,45,95,False,
german_credit_lending,unawareness,gradient_boosting,age,equalized_odds_diff,-0.01754385964912275,-0.10827485380116954,0.09608187134502906,0.79,False,45,95,False,driven_by_tpr_gap
german_credit_lending,unawareness,gradient_boosting,age,predictive_parity_diff,-0.05882352941176472,-0.1816176470588235,0.07843137254901966,0.5433333333333333,False,51,102,False,
german_credit_lending,unawareness,gradient_boosting,age,accuracy_equality_diff,-0.0394955194158646,-0.18193937382453804,0.07436939926983054,0.61,False,69,131,False,
german_credit_lending,unawareness_proxy_removal,logistic_regression,age,demographic_parity_diff,-0.08374820223476043,-0.2135772762473725,0.04526772873105426,0.21333333333333335,False,69,131,False,
german_credit_lending,unawareness_proxy_removal,logistic_regression,age,disparate_impact_ratio,0.8945096089085348,0.7433816200511547,1.0602498114071826,0.21333333333333335,False,69,131,False,
german_credit_lending,unawareness_proxy_removal,logistic_regression,age,equal_opportunity_diff,-0.08538011695906433,-0.21760233918128655,0.057309941520467755,0.25666666666666665,False,45,95,False,
german_credit_lending,unawareness_proxy_removal,logistic_regression,age,equalized_odds_diff,-0.08538011695906433,-0.21760233918128655,0.057309941520467755,0.25666666666666665,False,45,95,False,driven_by_tpr_gap
german_credit_lending,unawareness_proxy_removal,logistic_regression,age,predictive_parity_diff,-0.07417582417582413,-0.22028551805337515,0.06700353218210353,0.39666666666666667,False,49,104,False,
german_credit_lending,unawareness_proxy_removal,logistic_regression,age,accuracy_equality_diff,-0.08065051443743776,-0.2250885053656377,0.03957019581812149,0.2866666666666667,False,69,131,False,
german_credit_lending,unawareness_proxy_removal,random_forest,age,demographic_parity_diff,0.010841907290629504,-0.11377364752738126,0.133380351808828,1.0,False,69,131,False,
german_credit_lending,unawareness_proxy_removal,random_forest,age,disparate_impact_ratio,1.0137892043561816,0.8574221948811892,1.1804592202123054,1.0,False,69,131,False,
german_credit_lending,unawareness_proxy_removal,random_forest,age,equal_opportunity_diff,0.03742690058479525,-0.06026315789473684,0.14502923976608195,0.5666666666666667,False,45,95,False,
german_credit_lending,unawareness_proxy_removal,random_forest,age,equalized_odds_diff,0.03742690058479525,-0.06026315789473684,0.14502923976608195,0.5666666666666667,False,45,95,False,driven_by_tpr_gap
german_credit_lending,unawareness_proxy_removal,random_forest,age,predictive_parity_diff,-0.060370697263901096,-0.19450132391879957,0.06819947043248005,0.36333333333333334,False,55,103,False,
german_credit_lending,unawareness_proxy_removal,random_forest,age,accuracy_equality_diff,-0.016594756057086046,-0.14135136630158202,0.10523287974333427,0.85,False,69,131,False,
german_credit_lending,unawareness_proxy_removal,gradient_boosting,age,demographic_parity_diff,-0.018143599955747325,-0.13604104436331457,0.10816185418741009,0.8433333333333334,False,69,131,False,
german_credit_lending,unawareness_proxy_removal,gradient_boosting,age,disparate_impact_ratio,0.976924188628431,0.8388803598053732,1.1470408621524224,0.8433333333333334,False,69,131,False,
german_credit_lending,unawareness_proxy_removal,gradient_boosting,age,equal_opportunity_diff,-0.028070175438596467,-0.12631578947368416,0.07953216374269001,0.7866666666666666,False,45,95,False,
german_credit_lending,unawareness_proxy_removal,gradient_boosting,age,equalized_odds_diff,0.08333333333333337,-0.14618055555555548,0.3333333333333333,0.56,False,24,36,True,driven_by_fpr_gap
german_credit_lending,unawareness_proxy_removal,gradient_boosting,age,predictive_parity_diff,-0.08939366184282838,-0.223117787140502,0.050499175673200065,0.23333333333333334,False,53,103,False,
german_credit_lending,unawareness_proxy_removal,gradient_boosting,age,accuracy_equality_diff,-0.07611461444850087,-0.2262307777409005,0.03492366412213738,0.32666666666666666,False,69,131,False,
german_credit_lending,in_processing,logistic_regression,age,demographic_parity_diff,0.023011395065825835,-0.08869897112512437,0.14131541099679162,0.68,False,69,131,False,
german_credit_lending,in_processing,logistic_regression,age,disparate_impact_ratio,1.02765586358445,0.9005128686391763,1.1799924593684379,0.68,False,69,131,False,
german_credit_lending,in_processing,logistic_regression,age,equal_opportunity_diff,0.004678362573099393,-0.10532163742690057,0.11345029239766091,1.0,False,45,95,False,
german_credit_lending,in_processing,logistic_regression,age,equalized_odds_diff,0.09722222222222221,-0.1184027777777777,0.3055555555555556,0.5566666666666666,False,24,36,True,driven_by_fpr_gap
german_credit_lending,in_processing,logistic_regression,age,predictive_parity_diff,-0.0926761001399472,-0.2389130772819157,0.045051313948064005,0.21333333333333335,False,59,109,False,
german_credit_lending,in_processing,logistic_regression,age,accuracy_equality_diff,-0.0730169266511782,-0.22753346609138175,0.05611516760703593,0.35,False,69,131,False,
german_credit_lending,in_processing,random_forest,age,demographic_parity_diff,0.01615222922889692,-0.09411162739241065,0.12796492974886603,0.8633333333333333,False,69,131,False,
german_credit_lending,in_processing,random_forest,age,disparate_impact_ratio,1.0195920320595304,0.8894112807953302,1.1677394888543615,0.8633333333333333,False,69,131,False,
german_credit_lending,in_processing,random_forest,age,equal_opportunity_diff,0.004678362573099393,-0.10032163742690048,0.11345029239766091,1.0,False,45,95,False,
german_credit_lending,in_processing,random_forest,age,equalized_odds_diff,0.08333333333333337,-0.1527777777777778,0.3194444444444445,0.57,False,24,36,True,driven_by_fpr_gap
german_credit_lending,in_processing,random_forest,age,predictive_parity_diff,-0.08812260536398464,-0.2569125159642399,0.04438058748403573,0.25333333333333335,False,58,108,False,
german_credit_lending,in_processing,random_forest,age,accuracy_equality_diff,-0.0661577608142494,-0.19525113397499724,0.05640557583803511,0.43,False,69,131,False,
german_credit_lending,in_processing,gradient_boosting,age,demographic_parity_diff,-0.0036508463325588547,-0.10782995906626842,0.11351089722314411,1.0,False,69,131,False,
german_credit_lending,in_processing,gradient_boosting,age,disparate_impact_ratio,0.9953566964923063,0.8670796063167898,1.1507053457397913,1.0,False,69,131,False,
german_credit_lending,in_processing,gradient_boosting,age,equal_opportunity_diff,-0.06081871345029244,-0.16903508771929818,0.038596491228070184,0.37,False,45,95,False,
german_credit_lending,in_processing,gradient_boosting,age,equalized_odds_diff,0.19444444444444442,-0.07673611111111102,0.4444444444444445,0.19,False,24,36,True,driven_by_fpr_gap
german_credit_lending,in_processing,gradient_boosting,age,predictive_parity_diff,-0.13124775260697585,-0.25955142035239115,0.022851492268967828,0.043333333333333335,True,54,103,False,
german_credit_lending,in_processing,gradient_boosting,age,accuracy_equality_diff,-0.13486005089058528,-0.2733737139064056,-0.015045912158424546,0.056666666666666664,False,69,131,False,
german_credit_lending,post_processing,logistic_regression,age,demographic_parity_diff,0.06582586569310767,-0.04947173359884941,0.1807556145591325,0.42333333333333334,False,69,131,False,
german_credit_lending,post_processing,logistic_regression,age,disparate_impact_ratio,1.093730175295045,0.9344596102950087,1.2891389133070965,0.42333333333333334,False,69,131,False,
german_credit_lending,post_processing,logistic_regression,age,equal_opportunity_diff,-0.021052631578947323,-0.17093567251461986,0.12587719298245603,0.8133333333333334,False,45,95,False,
german_credit_lending,post_processing,logistic_regression,age,equalized_odds_diff,0.3194444444444445,0.05555555555555558,0.5555555555555556,0.03,True,24,36,True,driven_by_fpr_gap
german_credit_lending,post_processing,logistic_regression,age,predictive_parity_diff,-0.16858080393765384,-0.3345929040196882,-0.02670734208367519,0.023333333333333334,True,53,92,False,
german_credit_lending,post_processing,logistic_regression,age,accuracy_equality_diff,-0.1401703728288528,-0.28005310321938265,-0.017737028432348697,0.05,False,69,131,False,
german_credit_lending,post_processing,random_forest,age,demographic_parity_diff,0.07036176568204444,-0.034223918575063655,0.1772900763358777,0.2733333333333333,False,69,131,False,
german_credit_lending,post_processing,random_forest,age,disparate_impact_ratio,1.093104839470847,0.9581419523026277,1.251791324105466,0.2733333333333333,False,69,131,False,
german_credit_lending,post_processing,random_forest,age,equal_opportunity_diff,0.10058479532163744,-0.007076023391812869,0.2088011695906433,0.16,False,45,95,False,
german_credit_lending,post_processing,random_forest,age,equalized_odds_diff,0.10058479532163744,-0.007076023391812869,0.2088011695906433,0.16,False,45,95,False,driven_by_tpr_gap
german_credit_lending,post_processing,random_forest,age,predictive_parity_diff,-0.05847953216374269,-0.19924242424242425,0.08466241360978193,0.43,False,57,99,False,
german_credit_lending,post_processing,random_forest,age,accuracy_equality_diff,0.015488438986613562,-0.1505531585352362,0.1322629715676513,0.8766666666666667,False,69,131,False,
german_credit_lending,post_processing,gradient_boosting,age,demographic_parity_diff,0.020024338975550338,-0.0964017037282885,0.1418132536785042,0.8833333333333333,False,69,131,False,
german_credit_lending,post_processing,gradient_boosting,age,disparate_impact_ratio,1.0267671928499473,0.8762543364739482,1.1980525698363647,0.8833333333333333,False,69,131,False,
german_credit_lending,post_processing,gradient_boosting,age,equal_opportunity_diff,0.04678362573099415,-0.08660818713450294,0.16786549707602336,0.6333333333333333,False,45,95,False,
german_credit_lending,post_processing,gradient_boosting,age,equalized_odds_diff,0.04678362573099415,-0.08660818713450294,0.16786549707602336,0.6333333333333333,False,45,95,False,driven_by_tpr_gap
german_credit_lending,post_processing,gradient_boosting,age,predictive_parity_diff,-0.06160954948016939,-0.20388910281093575,0.07516365036580666,0.4066666666666667,False,53,98,False,
german_credit_lending,post_processing,gradient_boosting,age,accuracy_equality_diff,-0.008961168270826492,-0.14784268171257883,0.1030783272485892,1.0,False,69,131,False,
healthcare_readmission,baseline,logistic_regression,gender,demographic_parity_diff,0.0010310975378326152,-0.0007839616869421397,0.002864581403073673,0.31666666666666665,False,10661,9238,False,
healthcare_readmission,baseline,logistic_regression,gender,disparate_impact_ratio,1.2441800850992706,0.8469658651627398,1.847324064366407,0.31666666666666665,False,10661,9238,False,
healthcare_readmission,baseline,logistic_regression,gender,equal_opportunity_diff,0.003558169949497203,-0.007940064766324105,0.014640006234712566,0.63,False,1243,991,False,
healthcare_readmission,baseline,logistic_regression,gender,equalized_odds_diff,0.003558169949497203,-0.007940064766324105,0.014640006234712566,0.63,False,1243,991,False,driven_by_tpr_gap
healthcare_readmission,baseline,logistic_regression,gender,predictive_parity_diff,0.020604395604395587,-0.20924908424908423,0.2104395604395602,1.0,False,56,39,False,
healthcare_readmission,baseline,logistic_regression,gender,accuracy_equality_diff,-0.009181742381718427,-0.01903538773781757,-0.0002665832222502323,0.05333333333333334,False,10661,9238,False,
healthcare_readmission,baseline,logistic_regression,race,demographic_parity_diff,0.0009475101460871948,-0.001474649056322624,0.003264321935614103,0.46,False,4541,15358,False,
healthcare_readmission,baseline,logistic_regression,race,disparate_impact_ratio,1.2078381263666058,0.7247853342032972,1.818992114667044,0.46,False,4541,15358,False,
healthcare_readmission,baseline,logistic_regression,race,equal_opportunity_diff,0.007020209915546621,-0.008213875851471602,0.024056428284914114,0.3933333333333333,False,467,1767,False,
healthcare_readmission,baseline,logistic_regression,race,equalized_odds_diff,0.007020209915546621,-0.008213875851471602,0.024056428284914114,0.3933333333333333,False,467,1767,False,driven_by_tpr_gap
healthcare_readmission,baseline,logistic_regression,race,predictive_parity_diff,0.008571428571428563,-0.2114285714285714,0.280142857142857,1.0,False,25,70,True,
healthcare_readmission,baseline,logistic_regression,race,accuracy_equality_diff,0.01225349429496514,0.0017512111080996706,0.021779280307541563,0.03,True,4541,15358,False,
healthcare_readmission,baseline,logistic_regression,age,demographic_parity_diff,-0.004667928992683612,-0.006545770513044099,-0.0027166422773483912,0.0,True,9010,10889,False,
healthcare_readmission,baseline,logistic_regression,age,disparate_impact_ratio,0.32237733109213185,0.19161806283778274,0.527340488719902,0.0,True,9010,10889,False,
healthcare_readmission,baseline,logistic_regression,age,equal_opportunity_diff,-0.02599848680118748,-0.03764174216631081,-0.015244035367816313,0.0,True,1118,1116,False,
healthcare_readmission,baseline,logistic_regression,age,equalized_odds_diff,-0.02599848680118748,-0.03764174216631081,-0.015244035367816313,0.0,True,1118,1116,False,driven_by_tpr_gap
healthcare_readmission,baseline,logistic_regression,age,predictive_parity_diff,-0.09333333333333332,-0.30174999999999996,0.16874999999999962,0.62,False,20,75,True,
healthcare_readmission,baseline,logistic_regression,age,accuracy_equality_diff,-0.021947715974403814,-0.030478943050491678,-0.014074226105033874,0.0,True,9010,10889,False,
healthcare_readmission,baseline,logistic_regression,gender_x_race,intersectional_demographic_parity_diff,0.0002812348496064889,-0.002140197205505379,0.003243091420558957,0.85,False,2632,7329,False,
healthcare_readmission,baseline,logistic_regression,gender_x_age,intersectional_demographic_parity_diff,-0.003453722559455305,-0.005610459705937092,-0.0011955903043996572,0.0033333333333333335,True,5145,5373,False,
healthcare_readmission,baseline,logistic_regression,race_x_age,intersectional_demographic_parity_diff,-0.004094972972039285,-0.006871782566253401,-0.0006228102076477548,0.09333333333333334,False,1385,7733,False,
healthcare_readmission,baseline,random_forest,gender,demographic_parity_diff,0.0012985153937829213,0.00016870795190048642,0.0026949182423491556,0.05,False,10661,9238,False,
healthcare_readmission,baseline,random_forest,gender,disparate_impact_ratio,1.8562696420580926,1.0899648348721471,4.009608558466079,0.03,True,10661,9238,False,
healthcare_readmission,baseline,random_forest,gender,equal_opportunity_diff,0.002985842818674587,-0.006591402266415437,0.011356675079740182,0.6033333333333334,False,1243,991,False,
healthcare_readmission,baseline,random_forest,gender,equalized_odds_diff,0.002985842818674587,-0.006591402266415437,0.011356675079740182,0.6033333333333334,False,1243,991,False,driven_by_tpr_gap
healthcare_readmission,baseline,random_forest,gender,predictive_parity_diff,-0.1428571428571429,-0.421547619047619,0.17619047619047618,0.49,False,30,14,True,
healthcare_readmission,baseline,random_forest,gender,accuracy_equality_diff,-0.00975188248991099,-0.020072732590124844,-0.0013332567677065668,0.03,True,10661,9238,False,
healthcare_readmission,baseline,random_forest,race,demographic_parity_diff,-0.0008676571799316316,-0.0021472586630144315,0.0005069333424031232,0.31,False,4541,15358,False,
healthcare_readmission,baseline,random_forest,race,disparate_impact_ratio,0.6400013483757201,0.22316040310325067,1.2212102855752733,0.31,False,4541,15358,False,
healthcare_readmission,baseline,random_forest,race,equal_opportunity_diff,-0.0027533086359609726,-0.011061738583524501,0.0072348577113849,0.5933333333333334,False,467,1767,False,
healthcare_readmission,baseline,random_forest,race,equalized_odds_diff,-0.0027533086359609726,-0.011061738583524501,0.0072348577113849,0.5933333333333334,False,467,1767,False,driven_by_tpr_gap
healthcare_readmission,baseline,random_forest,race,predictive_parity_diff,0.030888030888030826,-0.40781853281853275,0.3747104247104245,1.0,False,7,37,True,
healthcare_readmission,baseline,random_forest,race,accuracy_equality_diff,0.012238137403826177,0.0017445994717745497,0.021966447974595234,0.03333333333333333,True,4541,15358,False,
healthcare_readmission,baseline,random_forest,age,demographic_parity_diff,-0.00160689202688944,-0.0028591709765447702,-0.0003737650709831608,0.02666666666666667,True,9010,10889,False,
healthcare_readmission,baseline,random_forest,age,disparate_impact_ratio,0.453390773345935,0.20171409449640218,0.8230474914080423,0.013333333333333334,True,9010,10889,False,
healthcare_readmission,baseline,random_forest,age,equal_opportunity_diff,-0.01076230596110566,-0.0197269269240387,-0.002232328915562244,0.01,True,1118,1116,False,
healthcare_readmission,baseline,random_forest,age,equalized_odds_diff,-0.01076230596110566,-0.0197269269240387,-0.002232328915562244,0.01,True,1118,1116,False,driven_by_tpr_gap
healthcare_readmission,baseline,random_forest,age,predictive_parity_diff,-0.0625,-0.38046874999999997,0.27083333333333337,0.7566666666666667,False,12,32,True,
healthcare_readmission,baseline,random_forest,age,accuracy_equality_diff,-0.021962943797001477,-0.03123206386226705,-0.01429448269690242,0.0,True,9010,10889,False,
healthcare_readmission,baseline,random_forest,gender_x_race,intersectional_demographic_parity_diff,0.0002623648984070859,-0.001545712093896877,0.0021914545248691445,0.8033333333333333,False,2632,7329,False,
healthcare_readmission,baseline,random_forest,gender_x_age,intersectional_demographic_parity_diff,-0.00029800226703108465,-0.0018281668573946288,0.0011394272952061856,0.8633333333333333,False,5145,5373,False,
healthcare_readmission,baseline,random_forest,race_x_age,intersectional_demographic_parity_diff,-0.0026401922278798586,-0.00433531617742144,-0.0006403565571340615,0.17333333333333334,False,1385,7733,False,superadditive
healthcare_readmission,baseline,gradient_boosting,gender,demographic_parity_diff,0.0009593210703643118,-0.00023165730492635518,0.002402801524167042,0.16666666666666666,False,10661,9238,False,
healthcare_readmission,baseline,gradient_boosting,gender,disparate_impact_ratio,1.4920923388332985,0.9050501342569104,2.7358863509511635,0.16666666666666666,False,10661,9238,False,
healthcare_readmission,baseline,gradient_boosting,gender,equal_opportunity_diff,0.0053993585065265585,-0.003876136231716986,0.014962802795554191,0.32666666666666666,False,1243,991,False,
healthcare_readmission,baseline,gradient_boosting,gender,equalized_odds_diff,0.0053993585065265585,-0.003876136231716986,0.014962802795554191,0.32666666666666666,False,1243,991,False,driven_by_tpr_gap
healthcare_readmission,baseline,gradient_boosting,gender,predictive_parity_diff,0.08064516129032262,-0.21787634408602147,0.34879032258064496,0.79,False,31,18,True,
healthcare_readmission,baseline,gradient_boosting,gender,accuracy_equality_diff,-0.008849889179530446,-0.0188446531222743,0.000223611771129475,0.05333333333333334,False,10661,9238,False,
healthcare_readmission,baseline,gradient_boosting,race,demographic_parity_diff,-0.0003372350351971052,-0.002005692431037163,0.0012824491755012756,0.7433333333333333,False,4541,15358,False,
healthcare_readmission,baseline,gradient_boosting,race,disparate_impact_ratio,0.8672508484849186,0.3183681391842764,1.581712575732726,0.7433333333333333,False,4541,15358,False,
healthcare_readmission,baseline,gradient_boosting,race,equal_opportunity_diff,0.000963415653868387,-0.0089666124972582,0.013383903566334485,1.0,False,467,1767,False,
healthcare_readmission,baseline,gradient_boosting,race,equalized_odds_diff,0.000963415653868387,-0.0089666124972582,0.013383903566334485,1.0,False,467,1767,False,driven_by_tpr_gap
healthcare_readmission,baseline,gradient_boosting,race,predictive_parity_diff,0.06153846153846154,-0.25314102564102553,0.40051282051282006,1.0,False,10,39,True,
healthcare_readmission,baseline,gradient_boosting,race,accuracy_equality_diff,0.012458353215321405,0.0023994267735683115,0.02198662701558477,0.02666666666666667,True,4541,15358,False,
healthcare_readmission,baseline,gradient_boosting,age,demographic_parity_diff,-0.0028773653706063683,-0.004175181523493707,-0.0016040704459050975,0.0,True,9010,10889,False,
healthcare_readmission,baseline,gradient_boosting,age,disparate_impact_ratio,0.23601676811900513,0.10062773793731193,0.48701589526513356,0.0,True,9010,10889,False,
healthcare_readmission,baseline,gradient_boosting,age,equal_opportunity_diff,-0.017031501465109868,-0.025988949160367016,-0.008970191265765159,0.0,True,1118,1116,False,
healthcare_readmission,baseline,gradient_boosting,age,equalized_odds_diff,-0.017031501465109868,-0.025988949160367016,-0.008970191265765159,0.0,True,1118,1116,False,driven_by_tpr_gap
healthcare_readmission,baseline,gradient_boosting,age,predictive_parity_diff,-0.060975609756097615,-0.4345274390243903,0.312576219512195,1.0,False,8,41,True,
healthcare_readmission,baseline,gradient_boosting,age,accuracy_equality_diff,-0.022054779594595453,-0.031527272377942755,-0.014567270944855788,0.0,True,9010,10889,False,
healthcare_readmission,baseline,gradient_boosting,gender_x_race,intersectional_demographic_parity_diff,0.0006129105303036902,-0.0018325625684035732,0.0029781409759538735,0.5733333333333334,False,2632,7329,False,
healthcare_readmission,baseline,gradient_boosting,gender_x_age,intersectional_demographic_parity_diff,-0.0018281668573946288,-0.0034352167923083713,-0.0004758703353719251,0.03666666666666667,True,5145,5373,False,
healthcare_readmission,baseline,gradient_boosting,race_x_age,intersectional_demographic_parity_diff,-0.0028233819987572607,-0.005266117688690366,-0.0004997173256721057,0.15666666666666668,False,1385,7733,False,
healthcare_readmission,unawareness,logistic_regression,gender,demographic_parity_diff,0.0025034644913824477,0.0012475836999003252,0.004008471257906098,0.0,True,10661,9238,False,
healthcare_readmission,unawareness,logistic_regression,gender,disparate_impact_ratio,2.540851372427505,1.5284122228175052,4.742267978450317,0.0,True,10661,9238,False,
healthcare_readmission,unawareness,logistic_regression,gender,equal_opportunity_diff,0.012449129859808268,0.003485614293728027,0.021922645726258762,0.01,True,1243,991,False,
healthcare_readmission,unawareness,logistic_regression,gender,equalized_odds_diff,0.012449129859808268,0.003485614293728027,0.021922645726258762,0.01,True,1243,991,False,driven_by_tpr_gap
healthcare_readmission,unawareness,logistic_regression,gender,predictive_parity_diff,0.12272727272727268,-0.1800378787878786,0.4341287878787879,0.5433333333333333,False,44,15,True,
healthcare_readmission,unawareness,logistic_regression,gender,accuracy_equality_diff,-0.008806543057077176,-0.01869246700846301,0.00028660046972216646,0.05,False,10661,9238,False,
healthcare_readmission,unawareness,logistic_regression,race,demographic_parity_diff,-0.0004177045712116536,-0.0020856859177652383,0.0012168604813391692,0.7366666666666667,False,4541,15358,False,
healthcare_readmission,unawareness,logistic_regression,race,disparate_impact_ratio,0.8635529521083605,0.39405455932162736,1.5155927278016526,0.6333333333333333,False,4541,15358,False,
healthcare_readmission,unawareness,logistic_regression,race,equal_opportunity_diff,-0.000168446258978246,-0.010431549620753548,0.012025305717841599,1.0,False,467,1767,False,
healthcare_readmission,unawareness,logistic_regression,race,equalized_odds_diff,-0.0002931204256823774,-0.0016311027428811558,0.0011199593265158164,0.8133333333333334,False,4074,13591,False,driven_by_fpr_gap
healthcare_readmission,unawareness,logistic_regression,race,predictive_parity_diff,0.010638297872340441,-0.272650709219858,0.30496453900709214,1.0,False,12,47,True,
healthcare_readmission,unawareness,logistic_regression,race,accuracy_equality_diff,0.012278372171833474,0.0020970838568560995,0.02158905560109409,0.02666666666666667,True,4541,15358,False,
healthcare_readmission,unawareness,logistic_regression,age,demographic_parity_diff,-0.003998546935482243,-0.005395235893139825,-0.0025817483843881602,0.0,True,9010,10889,False,
healthcare_readmission,unawareness,logistic_regression,age,disparate_impact_ratio,0.16286419214126202,0.06793282003437615,0.31347176503879925,0.0,True,9010,10889,False,
healthcare_readmission,unawareness,logistic_regression,age,equal_opportunity_diff,-0.01882361616045037,-0.027780983707465328,-0.010761464404562679,0.0,True,1118,1116,False,
healthcare_readmission,unawareness,logistic_regression,age,equalized_odds_diff,-0.01882361616045037,-0.027780983707465328,-0.010761464404562679,0.0,True,1118,1116,False,driven_by_tpr_gap
healthcare_readmission,unawareness,logistic_regression,age,predictive_parity_diff,0.09065934065934061,-0.24752747252747245,0.4576236263736262,0.6866666666666666,False,7,52,True,
healthcare_readmission,unawareness,logistic_regression,age,accuracy_equality_diff,-0.02130094122009507,-0.030499472836020915,-0.01339434561592114,0.0,True,9010,10889,False,
healthcare_readmission,unawareness,logistic_regression,gender_x_race,intersectional_demographic_parity_diff,0.0015386267901051783,-0.0003904628363568801,0.004092620252392853,0.18666666666666668,False,2632,7329,False,
healthcare_readmission,unawareness,logistic_regression,gender_x_age,intersectional_demographic_parity_diff,-0.0014559353293842063,-0.002965686872978433,5.773386965059603e-05,0.06333333333333334,False,5145,5373,False,
healthcare_readmission,unawareness,logistic_regression,race_x_age,intersectional_demographic_parity_diff,-0.004579931009723904,-0.006429960957796793,-0.0021654790921368924,0.03333333333333333,True,1385,7733,False,superadditive
healthcare_readmission,unawareness,random_forest,gender,demographic_parity_diff,0.000771721408043704,-0.0004677794432319009,0.0021104403557862723,0.26666666666666666,False,10661,9238,False,
healthcare_readmission,unawareness,random_forest,gender,disparate_impact_ratio,1.3958614110995557,0.8074447813199895,2.7712368202538897,0.26666666666666666,False,10661,9238,False,
healthcare_readmission,unawareness,random_forest,gender,equal_opportunity_diff,-4.1402388187167585e-05,-0.010128647773647456,0.008526760961282269,1.0,False,1243,991,False,
healthcare_readmission,unawareness,random_forest,gender,equalized_odds_diff,0.0007589778974048827,-0.00014360421878926438,0.0017677396695769442,0.14,False,9418,8247,False,driven_by_fpr_gap
healthcare_readmission,unawareness,random_forest,gender,predictive_parity_diff,-0.14942528735632177,-0.4674329501915709,0.14851532567049802,0.42333333333333334,False,29,18,True,
healthcare_readmission,unawareness,random_forest,gender,accuracy_equality_diff,-0.009874579736040112,-0.019708373096047754,-0.0010098593085792562,0.023333333333333334,True,10661,9238,False,
healthcare_readmission,unawareness,random_forest,race,demographic_parity_diff,-0.00020700974544583545,-0.0016336520273003369,0.0014800831159112048,0.88,False,4541,15358,False,
healthcare_readmission,unawareness,random_forest,race,disparate_impact_ratio,0.9141098224537734,0.4003875328729803,1.7176106006311713,0.88,False,4541,15358,False,
healthcare_readmission,unawareness,random_forest,race,equal_opportunity_diff,0.0036706742334180423,-0.0072807562873475045,0.015451036065677071,0.63,False,467,1767,False,
healthcare_readmission,unawareness,random_forest,race,equalized_odds_diff,0.0036706742334180423,-0.0072807562873475045,0.015451036065677071,0.63,False,467,1767,False,driven_by_tpr_gap
healthcare_readmission,unawareness,random_forest,race,predictive_parity_diff,0.15945945945945939,-0.20270270270270274,0.48135135135135115,0.5133333333333333,False,10,37,True,
healthcare_readmission,unawareness,random_forest,race,accuracy_equality_diff,0.012898784838311972,0.002958067743476761,0.022305110440710086,0.02,True,4541,15358,False,
healthcare_readmission,unawareness,random_forest,age,demographic_parity_diff,-0.002085223008608001,-0.003356653952012381,-0.0007536594934516828,0.0,True,9010,10889,False,
healthcare_readmission,unawareness,random_forest,age,disparate_impact_ratio,0.3694686809666787,0.16130408888542547,0.7063791402053581,0.0,True,9010,10889,False,
healthcare_readmission,unawareness,random_forest,age,equal_opportunity_diff,-0.01524098973461314,-0.0241983572816281,-0.0062827806310552,0.0,True,1118,1116,False,
healthcare_readmission,unawareness,random_forest,age,equalized_odds_diff,-0.01524098973461314,-0.0241983572816281,-0.0062827806310552,0.0,True,1118,1116,False,driven_by_tpr_gap
healthcare_readmission,unawareness,random_forest,age,predictive_parity_diff,-0.15656565656565663,-0.4772727272727273,0.1403409090909089,0.45666666666666667,False,11,36,True,
healthcare_readmission,unawareness,random_forest,age,accuracy_equality_diff,-0.022441274778720044,-0.03219220636166237,-0.014720923140368424,0.0,True,9010,10889,False,
healthcare_readmission,unawareness,random_forest,gender_x_race,intersectional_demographic_parity_diff,0.0006129105303036902,-0.0015804582059611612,0.002885052240734126,0.6033333333333334,False,2632,7329,False,
healthcare_readmission,unawareness,random_forest,gender_x_age,intersectional_demographic_parity_diff,-0.0012368287827215117,-0.0029409437859853203,0.0004590385248779256,0.21666666666666667,False,5145,5373,False,
healthcare_readmission,unawareness,random_forest,race_x_age,intersectional_demographic_parity_diff,-0.0015840966629490287,-0.004425025011192595,0.0014513447688442923,0.5,False,1385,7733,False,
healthcare_readmission,unawareness,gradient_boosting,gender,demographic_parity_diff,0.0006345754544301268,-0.0008495974537295623,0.0021307878521765813,0.36666666666666664,False,10661,9238,False,
healthcare_readmission,unawareness,gradient_boosting,gender,disparate_impact_ratio,1.2790300175582527,0.713808102931501,2.3751192477892054,0.36666666666666664,False,10661,9238,False,
healthcare_readmission,unawareness,gradient_boosting,gender,equal_opportunity_diff,0.004390276770905973,-0.004982391807847456,0.012951884742245776,0.48333333333333334,False,1243,991,False,
healthcare_readmission,unawareness,gradient_boosting,gender,equalized_odds_diff,0.004390276770905973,-0.004982391807847456,0.012951884742245776,0.48333333333333334,False,1243,991,False,driven_by_tpr_gap
healthcare_readmission,unawareness,gradient_boosting,gender,predictive_parity_diff,0.10445468509984646,-0.16824116743471584,0.3771505376344086,0.51,False,31,21,True,
healthcare_readmission,unawareness,gradient_boosting,gender,accuracy_equality_diff,-0.008741640640885784,-0.018824899617020958,0.00011608566785897717,0.056666666666666664,False,10661,9238,False,
healthcare_readmission,unawareness,gradient_boosting,race,demographic_parity_diff,0.0008940693120304912,-0.000975492380501376,0.002899430874474722,0.28,False,4541,15358,False,
healthcare_readmission,unawareness,gradient_boosting,race,disparate_impact_ratio,1.3709572792505285,0.6765213022195169,2.3934236017190376,0.39,False,4541,15358,False,
healthcare_readmission,unawareness,gradient_boosting,race,equal_opportunity_diff,0.008519260436094033,-0.004457221315359268,0.023075259122455553,0.17,False,467,1767,False,
healthcare_readmission,unawareness,gradient_boosting,race,equalized_odds_diff,0.008519260436094033,-0.004457221315359268,0.023075259122455553,0.17,False,467,1767,False,driven_by_tpr_gap
healthcare_readmission,unawareness,gradient_boosting,race,predictive_parity_diff,0.08648648648648649,-0.17513513513513504,0.3868018018018015,0.78,False,15,37,True,
healthcare_readmission,unawareness,gradient_boosting,race,accuracy_equality_diff,0.012808794316568006,0.002357358068701318,0.022232004971331116,0.023333333333333334,True,4541,15358,False,
healthcare_readmission,unawareness,gradient_boosting,age,demographic_parity_diff,-0.003355696352324929,-0.004680659105825111,-0.001975337807432055,0.0,True,9010,10889,False,
healthcare_readmission,unawareness,gradient_boosting,age,disparate_impact_ratio,0.1881924931439113,0.06921038343984609,0.3735680536410914,0.0,True,9010,10889,False,
healthcare_readmission,unawareness,gradient_boosting,age,equal_opportunity_diff,-0.019718070543276844,-0.029573098402805826,-0.010759100031418112,0.0,True,1118,1116,False,
healthcare_readmission,unawareness,gradient_boosting,age,equalized_odds_diff,-0.019718070543276844,-0.029573098402805826,-0.010759100031418112,0.0,True,1118,1116,False,driven_by_tpr_gap
healthcare_readmission,unawareness,gradient_boosting,age,predictive_parity_diff,-0.12698412698412703,-0.49555555555555547,0.2370634920634916,0.71,False,7,45,True,
healthcare_readmission,unawareness,gradient_boosting,age,accuracy_equality_diff,-0.02216576738593834,-0.03186009076149197,-0.014644786575542985,0.0,True,9010,10889,False,
healthcare_readmission,unawareness,gradient_boosting,gender_x_race,intersectional_demographic_parity_diff,0.0016162838969642603,-0.0010726841489506857,0.004088565027303365,0.12,False,2632,7329,False,superadditive
healthcare_readmission,unawareness,gradient_boosting,gender_x_age,intersectional_demographic_parity_diff,-0.002580877609079845,-0.004256744254693183,-0.001147365702283151,0.0,True,5145,5373,False,
healthcare_readmission,unawareness,gradient_boosting,race_x_age,intersectional_demographic_parity_diff,-0.0026940660799676577,-0.005139495462505152,-0.00047412724593040015,0.16666666666666666,False,1385,7733,False,
healthcare_readmission,unawareness_proxy_removal,logistic_regression,gender,demographic_parity_diff,0.001031798142763343,0.0005627989869618235,0.0016883969608854704,0.0,True,10661,9238,False,
healthcare_readmission,unawareness_proxy_removal,logistic_regression,gender,disparate_impact_ratio,1032.798142763343,563.7989869618235,1689.3969608854704,0.0,True,10661,9238,False,
healthcare_readmission,unawareness_proxy_removal,logistic_regression,gender,equal_opportunity_diff,0.002413515687851971,0.0,0.004827031375703942,0.24666666666666667,False,1243,991,False,
healthcare_readmission,unawareness_proxy_removal,logistic_regression,gender,equalized_odds_diff,0.002413515687851971,0.0,0.004827031375703942,0.24666666666666667,False,1243,991,False,driven_by_tpr_gap
healthcare_readmission,unawareness_proxy_removal,logistic_regression,gender,predictive_parity_diff,,,,,False,0,0,False,insufficient_data
healthcare_readmission,unawareness_proxy_removal,logistic_regression,gender,accuracy_equality_diff,-0.009787887491133462,-0.019490179336382578,-0.0012688607670357178,0.03666666666666667,True,10661,9238,False,
healthcare_readmission,unawareness_proxy_removal,logistic_regression,race,demographic_parity_diff,-0.0007162390936319834,-0.0011720276077614273,-0.00032556322437817426,0.08,False,4541,15358,False,
healthcare_readmission,unawareness_proxy_removal,logistic_regression,race,disparate_impact_ratio,0.0013942352123280967,0.0008524948546678895,0.0030621941644046143,0.06333333333333334,False,4541,15358,False,
healthcare_readmission,unawareness_proxy_removal,logistic_regression,race,equal_opportunity_diff,-0.001697792869269949,-0.003961516694963215,0.0,0.6066666666666667,False,467,1767,False,
healthcare_readmission,unawareness_proxy_removal,logistic_regression,race,equalized_odds_diff,-0.001697792869269949,-0.003961516694963215,0.0,0.6066666666666667,False,467,1767,False,driven_by_tpr_gap
healthcare_readmission,unawareness_proxy_removal,logistic_regression,race,predictive_parity_diff,,,,,False,0,0,False,insufficient_data
healthcare_readmission,unawareness_proxy_removal,logistic_regression,race,accuracy_equality_diff,0.01253882275133611,0.00229368862746077,0.022266457963026925,0.03,True,4541,15358,False,
healthcare_readmission,unawareness_proxy_removal,logistic_regression,age,demographic_parity_diff,-0.0010101937735329232,-0.0016530443566902379,-0.00045917898796951054,0.0,True,9010,10889,False,
healthcare_readmission,unawareness_proxy_removal,logistic_regression,age,disparate_impact_ratio,0.0009889301399732574,0.0006045787079138626,0.0021730674936124104,0.0,True,9010,10889,False,
healthcare_readmission,unawareness_proxy_removal,logistic_regression,age,equal_opportunity_diff,-0.002688172043010753,-0.005376344086021506,0.0,0.13,False,1118,1116,False,
healthcare_readmission,unawareness_proxy_removal,logistic_regression,age,equalized_odds_diff,-0.002688172043010753,-0.005376344086021506,0.0,0.13,False,1118,1116,False,driven_by_tpr_gap
healthcare_readmission,unawareness_proxy_removal,logistic_regression,age,predictive_parity_diff,,,,,False,0,0,False,insufficient_data
healthcare_readmission,unawareness_proxy_removal,logistic_regression,age,accuracy_equality_diff,-0.021136421618656365,-0.030218698644958176,-0.013128302610470724,0.0,True,9010,10889,False,
healthcare_readmission,unawareness_proxy_removal,logistic_regression,gender_x_race,intersectional_demographic_parity_diff,0.0,0.0,0.0,1.0,False,2632,7329,False,
healthcare_readmission,unawareness_proxy_removal,logistic_regression,gender_x_age,intersectional_demographic_parity_diff,0.0,0.0,0.0,1.0,False,5145,5373,False,
healthcare_readmission,unawareness_proxy_removal,logistic_regression,race_x_age,intersectional_demographic_parity_diff,-0.001422475106685633,-0.002327686538212854,-0.000646579593948015,0.24666666666666667,False,1385,7733,False,
healthcare_readmission,unawareness_proxy_removal,random_forest,gender,demographic_parity_diff,-0.00016604336858242586,-0.0007866371854819468,0.00031812693007773863,0.7166666666666667,False,10661,9238,False,
healthcare_readmission,unawareness_proxy_removal,random_forest,gender,disparate_impact_ratio,0.6937840368206801,0.11675382176160104,3.0391487136017856,0.7166666666666667,False,10661,9238,False,
healthcare_readmission,unawareness_proxy_removal,random_forest,gender,equal_opportunity_diff,-0.00020457650633659498,-0.0030272452068617556,0.0019239730381153492,1.0,False,1243,991,False,
healthcare_readmission,unawareness_proxy_removal,random_forest,gender,equalized_odds_diff,-0.00020457650633659498,-0.0030272452068617556,0.0019239730381153492,1.0,False,1243,991,False,driven_by_tpr_gap
healthcare_readmission,unawareness_proxy_removal,random_forest,gender,predictive_parity_diff,0.04999999999999999,-0.478749999999999,0.55,1.0,False,4,5,True,
healthcare_readmission,unawareness_proxy_removal,random_forest,gender,accuracy_equality_diff,-0.009181742381718427,-0.01885465045002496,-0.0003186886832341354,0.056666666666666664,False,10661,9238,False,
healthcare_readmission,unawareness_proxy_removal,random_forest,race,demographic_parity_diff,-0.0005860138038807137,-0.0010108738116942305,-0.0002604505795025394,0.16,False,4541,15358,False,
healthcare_readmission,unawareness_proxy_removal,random_forest,race,disparate_impact_ratio,0.0017035374524228541,0.0009892903569231233,0.0038248146242501908,0.10666666666666667,False,4541,15358,False,
healthcare_readmission,unawareness_proxy_removal,random_forest,race,equal_opportunity_diff,-0.0011318619128466328,-0.0028296547821165816,0.0,1.0,False,467,1767,False,
healthcare_readmission,unawareness_proxy_removal,random_forest,race,equalized_odds_diff,-0.0011318619128466328,-0.0028296547821165816,0.0,1.0,False,467,1767,False,driven_by_tpr_gap
healthcare_readmission,unawareness_proxy_removal,random_forest,race,predictive_parity_diff,,,,,False,0,0,False,insufficient_data
healthcare_readmission,unawareness_proxy_removal,random_forest,race,accuracy_equality_diff,0.01253882275133611,0.0022826004071827594,0.02184286479119116,0.03,True,4541,15358,False,
healthcare_readmission,unawareness_proxy_removal,random_forest,age,demographic_parity_diff,-0.0006236985894082645,-0.0011747133749716772,-0.00010610602050415187,0.056666666666666664,False,9010,10889,False,
healthcare_readmission,unawareness_proxy_removal,random_forest,age,disparate_impact_ratio,0.15222218906458537,0.0009065940081537677,0.6690531517217952,0.056666666666666664,False,9010,10889,False,
healthcare_readmission,unawareness_proxy_removal,random_forest,age,equal_opportunity_diff,-0.0017921146953405018,-0.004480286738351254,0.0,0.22666666666666666,False,1118,1116,False,
healthcare_readmission,unawareness_proxy_removal,random_forest,age,equalized_odds_diff,-0.0017921146953405018,-0.004480286738351254,0.0,0.22666666666666666,False,1118,1116,False,driven_by_tpr_gap
healthcare_readmission,unawareness_proxy_removal,random_forest,age,predictive_parity_diff,-0.25,-0.625,0.0,1.0,False,1,8,True,
healthcare_readmission,unawareness_proxy_removal,random_forest,age,accuracy_equality_diff,-0.021339245207593227,-0.031110636246763707,-0.013575366611867569,0.0,True,9010,10889,False,
healthcare_readmission,unawareness_proxy_removal,random_forest,gender_x_race,intersectional_demographic_parity_diff,-0.0006822213125938054,-0.0013644426251876109,-0.0002012552872151757,0.31666666666666665,False,2632,7329,False,
healthcare_readmission,unawareness_proxy_removal,random_forest,gender_x_age,intersectional_demographic_parity_diff,-0.0007362153603564741,-0.0016750418760469012,0.00012204147831262614,0.21666666666666667,False,5145,5373,False,
healthcare_readmission,unawareness_proxy_removal,random_forest,race_x_age,intersectional_demographic_parity_diff,-0.001034527350316824,-0.0017489978016293798,-0.0004493728177938734,0.38333333333333336,False,1385,7733,False,
healthcare_readmission,unawareness_proxy_removal,gradient_boosting,gender,demographic_parity_diff,-0.0005556914007080659,-0.0010447936027012396,-2.8897414968848757e-05,0.06333333333333334,False,10661,9238,False,
healthcare_readmission,unawareness_proxy_removal,gradient_boosting,gender,disparate_impact_ratio,0.14573575555817353,0.0010253919365877558,0.867136536596349,0.06333333333333334,False,10661,9238,False,
healthcare_readmission,unawareness_proxy_removal,gradient_boosting,gender,equal_opportunity_diff,-0.0020181634712411706,-0.005045408678102927,0.0,0.18,False,1243,991,False,
healthcare_readmission,unawareness_proxy_removal,gradient_boosting,gender,equalized_odds_diff,-0.0020181634712411706,-0.005045408678102927,0.0,0.18,False,1243,991,False,driven_by_tpr_gap
healthcare_readmission,unawareness_proxy_removal,gradient_boosting,gender,predictive_parity_diff,-0.3333333333333333,-0.6666666666666666,0.0,1.0,False,1,6,True,
healthcare_readmission,unawareness_proxy_removal,gradient_boosting,gender,accuracy_equality_diff,-0.009196191089202888,-0.01887945516452345,-0.0004952733637580146,0.05,False,10661,9238,False,
healthcare_readmission,unawareness_proxy_removal,gradient_boosting,race,demographic_parity_diff,-0.00045578851412944393,-0.000815535877067326,-0.0001302252897512697,0.21333333333333335,False,4541,15358,False,
healthcare_readmission,unawareness_proxy_removal,gradient_boosting,race,disparate_impact_ratio,0.0021891969019970183,0.001226638851614544,0.007620482316293185,0.17333333333333334,False,4541,15358,False,
healthcare_readmission,unawareness_proxy_removal,gradient_boosting,race,equal_opportunity_diff,-0.0011318619128466328,-0.0028296547821165816,0.0,1.0,False,467,1767,False,
healthcare_readmission,unawareness_proxy_removal,gradient_boosting,race,equalized_odds_diff,-0.0011318619128466328,-0.0028296547821165816,0.0,1.0,False,467,1767,False,driven_by_tpr_gap
healthcare_readmission,unawareness_proxy_removal,gradient_boosting,race,predictive_parity_diff,,,,,False,0,0,False,insufficient_data
healthcare_readmission,unawareness_proxy_removal,gradient_boosting,race,accuracy_equality_diff,0.012408597461584847,0.0021771608672918556,0.021743936515787824,0.03,True,4541,15358,False,
healthcare_readmission,unawareness_proxy_removal,gradient_boosting,age,demographic_parity_diff,-0.00023720340528360598,-0.0007255891837204178,0.0002511823731532056,0.47333333333333333,False,9010,10889,False,
healthcare_readmission,unawareness_proxy_removal,gradient_boosting,age,disparate_impact_ratio,0.48454099060402545,0.0018115456798486877,3.59735557494465,0.47333333333333333,False,9010,10889,False,
healthcare_readmission,unawareness_proxy_removal,gradient_boosting,age,equal_opportunity_diff,-1.6029648437750413e-06,-0.002688172043010753,0.0026833631484794273,1.0,False,1118,1116,False,
healthcare_readmission,unawareness_proxy_removal,gradient_boosting,age,equalized_odds_diff,-0.0002825803105040943,-0.000782609703005306,0.00022920575834753287,0.38333333333333336,False,7892,9773,False,driven_by_fpr_gap
healthcare_readmission,unawareness_proxy_removal,gradient_boosting,age,predictive_parity_diff,0.3,-0.4,1.0,1.0,False,2,5,True,
healthcare_readmission,unawareness_proxy_removal,gradient_boosting,age,accuracy_equality_diff,-0.021320093213844205,-0.03084025066178342,-0.013487368602696467,0.0,True,9010,10889,False,
healthcare_readmission,unawareness_proxy_removal,gradient_boosting,gender_x_race,intersectional_demographic_parity_diff,-0.0008186655751125665,-0.001637331150225133,-0.0002728885250375222,0.22,False,2632,7329,False,
healthcare_readmission,unawareness_proxy_removal,gradient_boosting,gender_x_age,intersectional_demographic_parity_diff,-0.000744463056020845,-0.00148892611204169,-0.00018611576400521124,0.12,False,5145,5373,False,
healthcare_readmission,unawareness_proxy_removal,gradient_boosting,race_x_age,intersectional_demographic_parity_diff,-0.000646579593948015,-0.00129315918789603,-0.000129315918789603,0.6266666666666667,False,1385,7733,False,
healthcare_readmission,in_processing,logistic_regression,gender,demographic_parity_diff,0.001031798142763343,0.0005627989869618235,0.0016883969608854704,0.0,True,10661,9238,False,
healthcare_readmission,in_processing,logistic_regression,gender,disparate_impact_ratio,1032.798142763343,563.7989869618235,1689.3969608854704,0.0,True,10661,9238,False,
healthcare_readmission,in_processing,logistic_regression,gender,equal_opportunity_diff,0.002413515687851971,0.0,0.004827031375703942,0.24666666666666667,False,1243,991,False,
healthcare_readmission,in_processing,logistic_regression,gender,equalized_odds_diff,0.002413515687851971,0.0,0.004827031375703942,0.24666666666666667,False,1243,991,False,driven_by_tpr_gap
healthcare_readmission,in_processing,logistic_regression,gender,predictive_parity_diff,,,,,False,0,0,False,insufficient_data
healthcare_readmission,in_processing,logistic_regression,gender,accuracy_equality_diff,-0.009787887491133462,-0.019490179336382578,-0.0012688607670357178,0.03666666666666667,True,10661,9238,False,
healthcare_readmission,in_processing,logistic_regression,race,demographic_parity_diff,-0.0007162390936319834,-0.0011720276077614273,-0.00032556322437817426,0.08,False,4541,15358,False,
healthcare_readmission,in_processing,logistic_regression,race,disparate_impact_ratio,0.0013942352123280967,0.0008524948546678895,0.0030621941644046143,0.06333333333333334,False,4541,15358,False,
healthcare_readmission,in_processing,logistic_regression,race,equal_opportunity_diff,-0.001697792869269949,-0.003961516694963215,0.0,0.6066666666666667,False,467,1767,False,
healthcare_readmission,in_processing,logistic_regression,race,equalized_odds_diff,-0.001697792869269949,-0.003961516694963215,0.0,0.6066666666666667,False,467,1767,False,driven_by_tpr_gap
healthcare_readmission,in_processing,logistic_regression,race,predictive_parity_diff,,,,,False,0,0,False,insufficient_data
healthcare_readmission,in_processing,logistic_regression,race,accuracy_equality_diff,0.01253882275133611,0.00229368862746077,0.022266457963026925,0.03,True,4541,15358,False,
healthcare_readmission,in_processing,logistic_regression,age,demographic_parity_diff,-0.0010101937735329232,-0.0016530443566902379,-0.00045917898796951054,0.0,True,9010,10889,False,
healthcare_readmission,in_processing,logistic_regression,age,disparate_impact_ratio,0.0009889301399732574,0.0006045787079138626,0.0021730674936124104,0.0,True,9010,10889,False,
healthcare_readmission,in_processing,logistic_regression,age,equal_opportunity_diff,-0.002688172043010753,-0.005376344086021506,0.0,0.13,False,1118,1116,False,
healthcare_readmission,in_processing,logistic_regression,age,equalized_odds_diff,-0.002688172043010753,-0.005376344086021506,0.0,0.13,False,1118,1116,False,driven_by_tpr_gap
healthcare_readmission,in_processing,logistic_regression,age,predictive_parity_diff,,,,,False,0,0,False,insufficient_data
healthcare_readmission,in_processing,logistic_regression,age,accuracy_equality_diff,-0.021136421618656365,-0.030218698644958176,-0.013128302610470724,0.0,True,9010,10889,False,
healthcare_readmission,in_processing,logistic_regression,gender_x_race,intersectional_demographic_parity_diff,0.0,0.0,0.0,1.0,False,2632,7329,False,
healthcare_readmission,in_processing,logistic_regression,gender_x_age,intersectional_demographic_parity_diff,0.0,0.0,0.0,1.0,False,5145,5373,False,
healthcare_readmission,in_processing,logistic_regression,race_x_age,intersectional_demographic_parity_diff,-0.001422475106685633,-0.002327686538212854,-0.000646579593948015,0.24666666666666667,False,1385,7733,False,
healthcare_readmission,in_processing,random_forest,gender,demographic_parity_diff,-0.00016604336858242586,-0.0007866371854819468,0.00031812693007773863,0.7166666666666667,False,10661,9238,False,
healthcare_readmission,in_processing,random_forest,gender,disparate_impact_ratio,0.6937840368206801,0.11675382176160104,3.0391487136017856,0.7166666666666667,False,10661,9238,False,
healthcare_readmission,in_processing,random_forest,gender,equal_opportunity_diff,-0.00020457650633659498,-0.0030272452068617556,0.0019239730381153492,1.0,False,1243,991,False,
healthcare_readmission,in_processing,random_forest,gender,equalized_odds_diff,-0.00020457650633659498,-0.0030272452068617556,0.0019239730381153492,1.0,False,1243,991,False,driven_by_tpr_gap
healthcare_readmission,in_processing,random_forest,gender,predictive_parity_diff,0.04999999999999999,-0.478749999999999,0.55,1.0,False,4,5,True,
healthcare_readmission,in_processing,random_forest,gender,accuracy_equality_diff,-0.009181742381718427,-0.01885465045002496,-0.0003186886832341354,0.056666666666666664,False,10661,9238,False,
healthcare_readmission,in_processing,random_forest,race,demographic_parity_diff,-0.0005860138038807137,-0.0010108738116942305,-0.0002604505795025394,0.16,False,4541,15358,False,
healthcare_readmission,in_processing,random_forest,race,disparate_impact_ratio,0.0017035374524228541,0.0009892903569231233,0.0038248146242501908,0.10666666666666667,False,4541,15358,False,
healthcare_readmission,in_processing,random_forest,race,equal_opportunity_diff,-0.0011318619128466328,-0.0028296547821165816,0.0,1.0,False,467,1767,False,
healthcare_readmission,in_processing,random_forest,race,equalized_odds_diff,-0.0011318619128466328,-0.0028296547821165816,0.0,1.0,False,467,1767,False,driven_by_tpr_gap
healthcare_readmission,in_processing,random_forest,race,predictive_parity_diff,,,,,False,0,0,False,insufficient_data
healthcare_readmission,in_processing,random_forest,race,accuracy_equality_diff,0.01253882275133611,0.0022826004071827594,0.02184286479119116,0.03,True,4541,15358,False,
healthcare_readmission,in_processing,random_forest,age,demographic_parity_diff,-0.0006236985894082645,-0.0011747133749716772,-0.00010610602050415187,0.056666666666666664,False,9010,10889,False,
healthcare_readmission,in_processing,random_forest,age,disparate_impact_ratio,0.15222218906458537,0.0009065940081537677,0.6690531517217952,0.056666666666666664,False,9010,10889,False,
healthcare_readmission,in_processing,random_forest,age,equal_opportunity_diff,-0.0017921146953405018,-0.004480286738351254,0.0,0.22666666666666666,False,1118,1116,False,
healthcare_readmission,in_processing,random_forest,age,equalized_odds_diff,-0.0017921146953405018,-0.004480286738351254,0.0,0.22666666666666666,False,1118,1116,False,driven_by_tpr_gap
healthcare_readmission,in_processing,random_forest,age,predictive_parity_diff,-0.25,-0.625,0.0,1.0,False,1,8,True,
healthcare_readmission,in_processing,random_forest,age,accuracy_equality_diff,-0.021339245207593227,-0.031110636246763707,-0.013575366611867569,0.0,True,9010,10889,False,
healthcare_readmission,in_processing,random_forest,gender_x_race,intersectional_demographic_parity_diff,-0.0006822213125938054,-0.0013644426251876109,-0.0002012552872151757,0.31666666666666665,False,2632,7329,False,
healthcare_readmission,in_processing,random_forest,gender_x_age,intersectional_demographic_parity_diff,-0.0007362153603564741,-0.0016750418760469012,0.00012204147831262614,0.21666666666666667,False,5145,5373,False,
healthcare_readmission,in_processing,random_forest,race_x_age,intersectional_demographic_parity_diff,-0.001034527350316824,-0.0017489978016293798,-0.0004493728177938734,0.38333333333333336,False,1385,7733,False,
healthcare_readmission,in_processing,gradient_boosting,gender,demographic_parity_diff,-0.0005556914007080659,-0.0010447936027012396,-2.8897414968848757e-05,0.06333333333333334,False,10661,9238,False,
healthcare_readmission,in_processing,gradient_boosting,gender,disparate_impact_ratio,0.14573575555817353,0.0010253919365877558,0.867136536596349,0.06333333333333334,False,10661,9238,False,
healthcare_readmission,in_processing,gradient_boosting,gender,equal_opportunity_diff,-0.0020181634712411706,-0.005045408678102927,0.0,0.18,False,1243,991,False,
healthcare_readmission,in_processing,gradient_boosting,gender,equalized_odds_diff,-0.0020181634712411706,-0.005045408678102927,0.0,0.18,False,1243,991,False,driven_by_tpr_gap
healthcare_readmission,in_processing,gradient_boosting,gender,predictive_parity_diff,-0.3333333333333333,-0.6666666666666666,0.0,1.0,False,1,6,True,
healthcare_readmission,in_processing,gradient_boosting,gender,accuracy_equality_diff,-0.009196191089202888,-0.01887945516452345,-0.0004952733637580146,0.05,False,10661,9238,False,
healthcare_readmission,in_processing,gradient_boosting,race,demographic_parity_diff,-0.00045578851412944393,-0.000815535877067326,-0.0001302252897512697,0.21333333333333335,False,4541,15358,False,
healthcare_readmission,in_processing,gradient_boosting,race,disparate_impact_ratio,0.0021891969019970183,0.001226638851614544,0.007620482316293185,0.17333333333333334,False,4541,15358,False,
healthcare_readmission,in_processing,gradient_boosting,race,equal_opportunity_diff,-0.0011318619128466328,-0.0028296547821165816,0.0,1.0,False,467,1767,False,
healthcare_readmission,in_processing,gradient_boosting,race,equalized_odds_diff,-0.0011318619128466328,-0.0028296547821165816,0.0,1.0,False,467,1767,False,driven_by_tpr_gap
healthcare_readmission,in_processing,gradient_boosting,race,predictive_parity_diff,,,,,False,0,0,False,insufficient_data
healthcare_readmission,in_processing,gradient_boosting,race,accuracy_equality_diff,0.012408597461584847,0.0021771608672918556,0.021743936515787824,0.03,True,4541,15358,False,
healthcare_readmission,in_processing,gradient_boosting,age,demographic_parity_diff,-0.00023720340528360598,-0.0007255891837204178,0.0002511823731532056,0.47333333333333333,False,9010,10889,False,
healthcare_readmission,in_processing,gradient_boosting,age,disparate_impact_ratio,0.48454099060402545,0.0018115456798486877,3.59735557494465,0.47333333333333333,False,9010,10889,False,
healthcare_readmission,in_processing,gradient_boosting,age,equal_opportunity_diff,-1.6029648437750413e-06,-0.002688172043010753,0.0026833631484794273,1.0,False,1118,1116,False,
healthcare_readmission,in_processing,gradient_boosting,age,equalized_odds_diff,-0.0002825803105040943,-0.000782609703005306,0.00022920575834753287,0.38333333333333336,False,7892,9773,False,driven_by_fpr_gap
healthcare_readmission,in_processing,gradient_boosting,age,predictive_parity_diff,0.3,-0.4,1.0,1.0,False,2,5,True,
healthcare_readmission,in_processing,gradient_boosting,age,accuracy_equality_diff,-0.021320093213844205,-0.03084025066178342,-0.013487368602696467,0.0,True,9010,10889,False,
healthcare_readmission,in_processing,gradient_boosting,gender_x_race,intersectional_demographic_parity_diff,-0.0008186655751125665,-0.001637331150225133,-0.0002728885250375222,0.22,False,2632,7329,False,
healthcare_readmission,in_processing,gradient_boosting,gender_x_age,intersectional_demographic_parity_diff,-0.000744463056020845,-0.00148892611204169,-0.00018611576400521124,0.12,False,5145,5373,False,
healthcare_readmission,in_processing,gradient_boosting,race_x_age,intersectional_demographic_parity_diff,-0.000646579593948015,-0.00129315918789603,-0.000129315918789603,0.6266666666666667,False,1385,7733,False,
healthcare_readmission,post_processing,logistic_regression,gender,demographic_parity_diff,0.00025960966476582057,-0.0006279349381301878,0.0012629883777358797,0.7,False,10661,9238,False,
healthcare_readmission,post_processing,logistic_regression,gender,disparate_impact_ratio,1.2994384837991642,0.5684188690010813,4.546126685171574,0.7,False,10661,9238,False,
healthcare_readmission,post_processing,logistic_regression,gender,equal_opportunity_diff,0.00039535221661080033,-0.004036326942482341,0.0036236019590635818,1.0,False,1243,991,False,
healthcare_readmission,post_processing,logistic_regression,gender,equalized_odds_diff,0.00039535221661080033,-0.004036326942482341,0.0036236019590635818,1.0,False,1243,991,False,driven_by_tpr_gap
healthcare_readmission,post_processing,logistic_regression,gender,predictive_parity_diff,0.0,-0.375,0.3333333333333333,1.0,False,12,8,True,
healthcare_readmission,post_processing,logistic_regression,gender,accuracy_equality_diff,-0.009448693167714906,-0.018758589898751184,-0.0009394251595435106,0.04666666666666667,True,10661,9238,False,
healthcare_readmission,post_processing,logistic_regression,race,demographic_parity_diff,-0.0007315959847708966,-0.0015508864855027647,0.0001125723928293322,0.2,False,4541,15358,False,
healthcare_readmission,post_processing,logistic_regression,race,disparate_impact_ratio,0.3763181872871231,0.0006976039181375111,1.1272124308059766,0.15,False,4541,15358,False,
healthcare_readmission,post_processing,logistic_regression,race,equal_opportunity_diff,-0.0028296547821165816,-0.005390492359932084,-0.0005659309564233164,0.36666666666666664,False,467,1767,False,
healthcare_readmission,post_processing,logistic_regression,race,equalized_odds_diff,-0.0028296547821165816,-0.005390492359932084,-0.0005659309564233164,0.36666666666666664,False,467,1767,False,driven_by_tpr_gap
healthcare_readmission,post_processing,logistic_regression,race,predictive_parity_diff,-0.2777777777777778,-0.5,-0.05555555555555555,1.0,False,2,18,True,
healthcare_readmission,post_processing,logistic_regression,race,accuracy_equality_diff,0.012293729062972436,0.0024123887209699887,0.021868549585938882,0.03,True,4541,15358,False,
healthcare_readmission,post_processing,logistic_regression,age,demographic_parity_diff,-0.0016338923629411878,-0.002507670735335652,-0.0009083031792207701,0.0,True,9010,10889,False,
healthcare_readmission,post_processing,logistic_regression,age,disparate_impact_ratio,0.06414403134610945,0.000403133713962543,0.21377643342450955,0.0,True,9010,10889,False,
healthcare_readmission,post_processing,logistic_regression,age,equal_opportunity_diff,-0.002689775007854528,-0.006273242990234738,0.0008912484531389256,0.23333333333333334,False,1118,1116,False,
healthcare_readmission,post_processing,logistic_regression,age,equalized_odds_diff,-0.002689775007854528,-0.006273242990234738,0.0008912484531389256,0.23333333333333334,False,1118,1116,False,driven_by_tpr_gap
healthcare_readmission,post_processing,logistic_regression,age,predictive_parity_diff,0.7894736842105263,0.5789473684210527,0.9473684210526316,0.25,False,1,19,True,
healthcare_readmission,post_processing,logistic_regression,age,accuracy_equality_diff,-0.02047441904174996,-0.029711305863251856,-0.012290478054760804,0.0,True,9010,10889,False,
healthcare_readmission,post_processing,logistic_regression,gender_x_race,intersectional_demographic_parity_diff,-0.0008186655751125665,-0.0015725201255287204,-0.0002728885250375222,0.19333333333333333,False,2632,7329,False,
healthcare_readmission,post_processing,logistic_regression,gender_x_age,intersectional_demographic_parity_diff,-0.0013028103480364787,-0.002233389168062535,-0.0003722315280104225,0.016666666666666666,True,5145,5373,False,
healthcare_readmission,post_processing,logistic_regression,race_x_age,intersectional_demographic_parity_diff,-0.002198370619423251,-0.003232897969740075,-0.0010959524117418883,0.10333333333333333,False,1385,7733,False,
healthcare_readmission,post_processing,random_forest,gender,demographic_parity_diff,8.645870992963708e-05,-0.000689461250851108,0.0008084379294187845,1.0,False,10661,9238,False,
healthcare_readmission,post_processing,random_forest,gender,disparate_impact_ratio,1.1139504126311572,0.38575175403686196,3.682959037476709,1.0,False,10661,9238,False,
healthcare_readmission,post_processing,random_forest,gender,equal_opportunity_diff,-0.0006137295190097847,-0.006366469585886818,0.0038179496400833563,1.0,False,1243,991,False,
healthcare_readmission,post_processing,random_forest,gender,equalized_odds_diff,-0.0006137295190097847,-0.006366469585886818,0.0038179496400833563,1.0,False,1243,991,False,driven_by_tpr_gap
healthcare_readmission,post_processing,random_forest,gender,predictive_parity_diff,-0.09523809523809523,-0.6031746031746033,0.38095238095238093,1.0,False,9,7,True,
healthcare_readmission,post_processing,random_forest,gender,accuracy_equality_diff,-0.009492039290168286,-0.019349165078950348,-0.0006251515565847157,0.043333333333333335,True,10661,9238,False,
healthcare_readmission,post_processing,random_forest,race,demographic_parity_diff,-0.00018581694889745692,-0.000984752040982452,0.0007601589419592395,0.79,False,4541,15358,False,
healthcare_readmission,post_processing,random_forest,race,disparate_impact_ratio,0.7807377483456741,0.0010957979096930667,2.2528590149776435,0.79,False,4541,15358,False,
healthcare_readmission,post_processing,random_forest,race,equal_opportunity_diff,-0.0006883271589902431,-0.004527447651386531,0.00495904574588366,1.0,False,467,1767,False,
healthcare_readmission,post_processing,random_forest,race,equalized_odds_diff,-0.0006883271589902431,-0.004527447651386531,0.00495904574588366,1.0,False,467,1767,False,driven_by_tpr_gap
healthcare_readmission,post_processing,random_forest,race,predictive_parity_diff,-0.05128205128205132,-0.6153846153846154,0.6153846153846154,1.0,False,3,13,True,
healthcare_readmission,post_processing,random_forest,race,accuracy_equality_diff,0.012188381650089508,0.001909546964828799,0.021608036990979608,0.03,True,4541,15358,False,
healthcare_readmission,post_processing,random_forest,age,demographic_parity_diff,-0.0008609019946918704,-0.0016247951659103888,-0.00013249122998711062,0.03333333333333333,True,9010,10889,False,
healthcare_readmission,post_processing,random_forest,age,disparate_impact_ratio,0.2794987475337175,0.0009065940081537677,0.8059936972736814,0.03333333333333333,True,9010,10889,False,
healthcare_readmission,post_processing,random_forest,age,equal_opportunity_diff,-0.005376344086021506,-0.00985663082437276,-0.0008960573476702509,0.006666666666666667,True,1118,1116,False,
healthcare_readmission,post_processing,random_forest,age,equalized_odds_diff,-0.005376344086021506,-0.00985663082437276,-0.0008960573476702509,0.006666666666666667,True,1118,1116,False,driven_by_tpr_gap
healthcare_readmission,post_processing,random_forest,age,predictive_parity_diff,-0.46153846153846156,-0.7326923076923072,-0.23076923076923078,0.27,False,3,13,True,
healthcare_readmission,post_processing,random_forest,age,accuracy_equality_diff,-0.021836728183060927,-0.031835412821276166,-0.014039846288687072,0.0,True,9010,10889,False,
healthcare_readmission,post_processing,random_forest,gender_x_race,intersectional_demographic_parity_diff,-0.0003022821028673617,-0.0012279983626688497,0.0007866864510847294,0.6133333333333333,False,2632,7329,False,superadditive
healthcare_readmission,post_processing,random_forest,gender_x_age,intersectional_demographic_parity_diff,-0.0007279676646921032,-0.0016750418760469012,0.0002151888912221184,0.34,False,5145,5373,False,
healthcare_readmission,post_processing,random_forest,race_x_age,intersectional_demographic_parity_diff,-0.00129315918789603,-0.002136945557998189,-0.0005786887365834764,0.2633333333333333,False,1385,7733,False,superadditive
healthcare_readmission,post_processing,gradient_boosting,gender,demographic_parity_diff,-0.000671281060583461,-0.0015803735804195656,0.00028682029721123107,0.21333333333333335,False,10661,9238,False,
healthcare_readmission,post_processing,gradient_boosting,gender,disparate_impact_ratio,0.5573424880303973,0.23412014205429485,1.299420093036072,0.21333333333333335,False,10661,9238,False,
healthcare_readmission,post_processing,gradient_boosting,gender,equal_opportunity_diff,-0.0016228112546303702,-0.006161893079550222,0.002916270570289479,0.6966666666666667,False,1243,991,False,
healthcare_readmission,post_processing,gradient_boosting,gender,equalized_odds_diff,-0.0016228112546303702,-0.006161893079550222,0.002916270570289479,0.6966666666666667,False,1243,991,False,driven_by_tpr_gap
healthcare_readmission,post_processing,gradient_boosting,gender,predictive_parity_diff,0.047619047619047616,-0.2777777777777778,0.4486111111111109,1.0,False,9,14,True,
healthcare_readmission,post_processing,gradient_boosting,gender,accuracy_equality_diff,-0.008950796596944643,-0.018860796989080303,-0.00018154856799500483,0.05333333333333334,False,10661,9238,False,
healthcare_readmission,post_processing,gradient_boosting,race,demographic_parity_diff,-0.0009269339193978012,-0.0018231540565177757,-0.00012799882731280617,0.15,False,4541,15358,False,
healthcare_readmission,post_processing,gradient_boosting,race,disparate_impact_ratio,0.3225977338044192,0.000590343596271095,0.8690220490581111,0.09,False,4541,15358,False,
healthcare_readmission,post_processing,gradient_boosting,race,equal_opportunity_diff,-0.003961516694963215,-0.007357102433503113,-0.0011318619128466328,0.38,False,467,1767,False,
healthcare_readmission,post_processing,gradient_boosting,race,equalized_odds_diff,-0.003961516694963215,-0.007357102433503113,-0.0011318619128466328,0.38,False,467,1767,False,driven_by_tpr_gap
healthcare_readmission,post_processing,gradient_boosting,race,predictive_parity_diff,-0.3333333333333333,-0.5238095238095238,-0.14285714285714285,0.5466666666666666,False,2,21,True,
healthcare_readmission,post_processing,gradient_boosting,race,accuracy_equality_diff,0.012228616418096805,0.0021984382629604104,0.02200401858725835,0.03,True,4541,15358,False,
healthcare_readmission,post_processing,gradient_boosting,age,demographic_parity_diff,-0.0010981053999754766,-0.0019921383562859973,-0.00037864684182196094,0.05,False,9010,10889,False,
healthcare_readmission,post_processing,gradient_boosting,age,disparate_impact_ratio,0.33610885612959124,0.08399080125179685,0.7185665781256246,0.03666666666666667,True,9010,10889,False,
healthcare_readmission,post_processing,gradient_boosting,age,equal_opportunity_diff,-0.00448188970319503,-0.008960573476702509,-3.96733798834347e-06,0.056666666666666664,False,1118,1116,False,
healthcare_readmission,post_processing,gradient_boosting,age,equalized_odds_diff,-0.00448188970319503,-0.008960573476702509,-3.96733798834347e-06,0.056666666666666664,False,1118,1116,False,driven_by_tpr_gap
healthcare_readmission,post_processing,gradient_boosting,age,predictive_parity_diff,-0.1333333333333333,-0.4444444444444444,0.2508333333333326,0.7066666666666667,False,5,18,True,
healthcare_readmission,post_processing,gradient_boosting,age,accuracy_equality_diff,-0.021377549195091383,-0.031122555024778783,-0.01349103795753924,0.0,True,9010,10889,False,
healthcare_readmission,post_processing,gradient_boosting,gender_x_race,intersectional_demographic_parity_diff,-0.0011503412558097675,-0.002607872616217126,0.0005914550329062893,0.30666666666666664,False,2632,7329,False,
healthcare_readmission,post_processing,gradient_boosting,gender_x_age,intersectional_demographic_parity_diff,-0.0016667941803825304,-0.0027917364600781687,-0.0005500995963512628,0.02,True,5145,5373,False,
healthcare_readmission,post_processing,gradient_boosting,race_x_age,intersectional_demographic_parity_diff,-0.002069054700633648,-0.003103582050950472,-0.001163843269106427,0.17333333333333334,False,1385,7733,False,superadditive
insurance_denial,baseline,logistic_regression,age,demographic_parity_diff,-0.023848587835462343,-0.13661373491151996,0.09023643501699277,0.7,False,106,161,False,
insurance_denial,baseline,logistic_regression,age,disparate_impact_ratio,0.9326383895387692,0.6490768056068006,1.300011929467839,0.7,False,106,161,False,
insurance_denial,baseline,logistic_regression,age,equal_opportunity_diff,0.04059672291513816,-0.14966984592809973,0.21350574712643658,0.7066666666666667,False,47,87,False,
insurance_denial,baseline,logistic_regression,age,equalized_odds_diff,0.04059672291513816,-0.14966984592809973,0.21350574712643658,0.7066666666666667,False,47,87,False,driven_by_tpr_gap
insurance_denial,baseline,logistic_regression,age,predictive_parity_diff,-0.05513784461152882,-0.19348370927318292,0.07122807017543856,0.5133333333333333,False,35,57,False,
insurance_denial,baseline,logistic_regression,age,accuracy_equality_diff,0.040900035157623416,-0.07482714168522209,0.13921686393999766,0.5033333333333333,False,106,161,False,
insurance_denial,baseline,logistic_regression,gender,demographic_parity_diff,-0.017562563124228436,-0.13744950061721467,0.08747615306924028,0.8033333333333333,False,134,133,False,
insurance_denial,baseline,logistic_regression,gender,disparate_impact_ratio,0.9503018237092566,0.6429369271221412,1.314440176693661,0.8033333333333333,False,134,133,False,
insurance_denial,baseline,logistic_regression,gender,equal_opportunity_diff,0.018270944741533013,-0.16969696969696962,0.1688948306595366,0.8766666666666667,False,66,68,False,
insurance_denial,baseline,logistic_regression,gender,equalized_odds_diff,-0.03348416289592761,-0.12343325791855203,0.05610859728506787,0.58,False,68,65,False,driven_by_fpr_gap
insurance_denial,baseline,logistic_regression,gender,predictive_parity_diff,0.03877068557919616,-0.1125531914893617,0.15767139479905395,0.7533333333333333,False,45,47,False,
insurance_denial,baseline,logistic_regression,gender,accuracy_equality_diff,0.03170239030411859,-0.07286079003478846,0.12564526989114558,0.59,False,134,133,False,
insurance_denial,baseline,logistic_regression,age_x_gender,intersectional_demographic_parity_diff,-0.050000000000000044,-0.23787878787878788,0.15534090909090906,0.6466666666666666,False,33,60,False,superadditive
insurance_denial,baseline,random_forest,age,demographic_parity_diff,-0.10482831360600026,-0.21745575999062464,0.022013066916676392,0.07333333333333333,False,106,161,False,
insurance_denial,baseline,random_forest,age,disparate_impact_ratio,0.7480997323190605,0.5207513825189771,1.0609378826787697,0.07333333333333333,False,106,161,False,
insurance_denial,baseline,random_forest,age,equal_opportunity_diff,-0.005380288579114656,-0.19140988016629987,0.1618121790168744,1.0,False,47,87,False,
insurance_denial,baseline,random_forest,age,equalized_odds_diff,-0.09780119102153001,-0.18575355016032982,-0.006413192853870819,0.07666666666666666,False,59,74,False,driven_by_fpr_gap
insurance_denial,baseline,random_forest,age,predictive_parity_diff,0.07327001356852103,-0.062200361827227435,0.20828810492989602,0.36,False,33,67,False,
insurance_denial,baseline,random_forest,age,accuracy_equality_diff,0.07219031993437253,-0.029103187624516507,0.1788409703504043,0.18666666666666668,False,106,161,False,
insurance_denial,baseline,random_forest,gender,demographic_parity_diff,0.0271574458534396,-0.08512232072719107,0.13596678262821216,0.7066666666666667,False,134,133,False,
insurance_denial,baseline,random_forest,gender,disparate_impact_ratio,1.0752485477177212,0.7989074484031864,1.4482648792638806,0.7066666666666667,False,134,133,False,
insurance_denial,baseline,random_forest,gender,equal_opportunity_diff,-0.040552584670231706,-0.2049910873440286,0.15308600713012482,0.6933333333333334,False,66,68,False,
insurance_denial,baseline,random_forest,gender,equalized_odds_diff,0.11561085972850679,0.017330316742081533,0.23296945701357463,0.04,True,68,65,False,driven_by_fpr_gap
insurance_denial,baseline,random_forest,gender,predictive_parity_diff,-0.14903846153846156,-0.28365384615384615,-0.02135416666666696,0.04666666666666667,True,52,48,False,
insurance_denial,baseline,random_forest,gender,accuracy_equality_diff,-0.07316799461339918,-0.17043681966109298,0.013117214678487057,0.18,False,134,133,False,
insurance_denial,baseline,random_forest,age_x_gender,intersectional_demographic_parity_diff,-0.11363636363636365,-0.30613636363636365,0.09950757575757552,0.33666666666666667,False,33,60,False,
insurance_denial,baseline,gradient_boosting,age,demographic_parity_diff,-0.09562873549748035,-0.2161974100550802,0.029447439353099587,0.11333333333333333,False,106,161,False,
insurance_denial,baseline,gradient_boosting,age,disparate_impact_ratio,0.7594345674365672,0.5027929958223541,1.0867599466260933,0.11333333333333333,False,106,161,False,
insurance_denial,baseline,gradient_boosting,age,equal_opportunity_diff,-0.04793348006847642,-0.24383101002690138,0.12268280753240383,0.69,False,47,87,False,
insurance_denial,baseline,gradient_boosting,age,equalized_odds_diff,-0.04793348006847642,-0.24383101002690138,0.12268280753240383,0.69,False,47,87,False,driven_by_tpr_gap
insurance_denial,baseline,gradient_boosting,age,predictive_parity_diff,0.0,-0.15625,0.109375,1.0,False,32,64,False,
insurance_denial,baseline,gradient_boosting,age,accuracy_equality_diff,0.02525489276924886,-0.0907066682292278,0.12680622289933197,0.61,False,106,161,False,
insurance_denial,baseline,gradient_boosting,gender,demographic_parity_diff,0.042251150263719006,-0.07017590618336886,0.1510660980810233,0.49666666666666665,False,134,133,False,
insurance_denial,baseline,gradient_boosting,gender,disparate_impact_ratio,1.1248752528148,0.813710199007157,1.532694937189828,0.49666666666666665,False,134,133,False,
insurance_denial,baseline,gradient_boosting,gender,equal_opportunity_diff,0.018716577540106916,-0.14527629233511596,0.18116087344028517,0.8533333333333334,False,66,68,False,
insurance_denial,baseline,gradient_boosting,gender,equalized_odds_diff,0.08619909502262443,-0.002714932126696837,0.17546945701357464,0.15333333333333332,False,68,65,False,driven_by_fpr_gap
insurance_denial,baseline,gradient_boosting,gender,predictive_parity_diff,-0.1098039215686275,-0.2496732026143791,0.00921568627450971,0.14,False,51,45,False,
insurance_denial,baseline,gradient_boosting,gender,accuracy_equality_diff,-0.028223543934463025,-0.12210750757490733,0.0617775782740434,0.6733333333333333,False,134,133,False,
insurance_denial,baseline,gradient_boosting,age_x_gender,intersectional_demographic_parity_diff,-0.06666666666666671,-0.2561363636363636,0.15613636363636357,0.66,False,33,60,False,
insurance_denial,unawareness,logistic_regression,age,demographic_parity_diff,0.0012305168170631542,-0.11627651470760574,0.11900709012070779,1.0,False,106,161,False,
insurance_denial,unawareness,logistic_regression,age,disparate_impact_ratio,1.0035377256780953,0.7132962582098391,1.3868286216304384,1.0,False,106,161,False,
insurance_denial,unawareness,logistic_regression,age,equal_opportunity_diff,0.029102470041574957,-0.15774027879677188,0.20714722426021018,0.8466666666666667,False,47,87,False,
insurance_denial,unawareness,logistic_regression,age,equalized_odds_diff,0.07810352725606963,-0.016720109940448924,0.17292716445258818,0.10333333333333333,False,59,74,False,driven_by_fpr_gap
insurance_denial,unawareness,logistic_regression,age,predictive_parity_diff,-0.13561776061776054,-0.27969353281853276,0.012512065637065493,0.06,False,37,56,False,
insurance_denial,unawareness,logistic_regression,age,accuracy_equality_diff,0.0033985702566506903,-0.11090911754365405,0.09896138521035974,1.0,False,106,161,False,
insurance_denial,unawareness,logistic_regression,gender,demographic_parity_diff,-0.0700258107956458,-0.18264223992817866,0.04245174503422737,0.26,False,134,133,False,
insurance_denial,unawareness,logistic_regression,gender,disparate_impact_ratio,0.8173841461193662,0.569632744006906,1.132761677858549,0.26,False,134,133,False,
insurance_denial,unawareness,logistic_regression,gender,equal_opportunity_diff,-0.026292335115864485,-0.20656194295900177,0.13861408199643493,0.8466666666666667,False,66,68,False,
insurance_denial,unawareness,logistic_regression,gender,equalized_odds_diff,-0.09366515837104072,-0.18497171945701357,-0.009734162895927908,0.056666666666666664,False,68,65,False,driven_by_fpr_gap
insurance_denial,unawareness,logistic_regression,gender,predictive_parity_diff,0.10924369747899154,-0.014810924369747819,0.233298319327731,0.12333333333333334,False,42,51,False,
insurance_denial,unawareness,logistic_regression,gender,accuracy_equality_diff,0.03916507687128268,-0.05818931657501963,0.13316126136236092,0.53,False,134,133,False,
insurance_denial,unawareness,logistic_regression,age_x_gender,intersectional_demographic_parity_diff,-0.09696969696969698,-0.26761363636363633,0.11689393939393916,0.36,False,33,60,False,superadditive
insurance_denial,unawareness,random_forest,age,demographic_parity_diff,-0.07353802882925115,-0.19082239540607054,0.06272559474979487,0.25666666666666665,False,106,161,False,
insurance_denial,unawareness,random_forest,age,disparate_impact_ratio,0.8178524105269611,0.5841810009240985,1.1799590883429985,0.25666666666666665,False,106,161,False,
insurance_denial,unawareness,random_forest,age,equal_opportunity_diff,-0.005380288579114656,-0.19727317192467592,0.18610907312301295,1.0,False,47,87,False,
insurance_denial,unawareness,random_forest,age,equalized_odds_diff,-0.036875858909757225,-0.14358108108108106,0.06982936326156658,0.58,False,59,74,False,driven_by_fpr_gap
insurance_denial,unawareness,random_forest,age,predictive_parity_diff,-0.004395604395604491,-0.15060439560439562,0.12978021978021967,1.0,False,35,65,False,
insurance_denial,unawareness,random_forest,age,accuracy_equality_diff,0.040900035157623416,-0.07164244697058479,0.13741357084261108,0.45666666666666667,False,106,161,False,
insurance_denial,unawareness,random_forest,gender,demographic_parity_diff,-0.047749971944787306,-0.1675541465604309,0.07196863427224781,0.43666666666666665,False,134,133,False,
insurance_denial,unawareness,random_forest,gender,disparate_impact_ratio,0.8801748993977673,0.6238032227605732,1.2013610274524957,0.43666666666666665,False,134,133,False,
insurance_denial,unawareness,random_forest,gender,equal_opportunity_diff,-0.10026737967914434,-0.25004456327985736,0.06399286987522212,0.24666666666666667,False,66,68,False,
insurance_denial,unawareness,random_forest,gender,equalized_odds_diff,-0.10026737967914434,-0.25004456327985736,0.06399286987522212,0.24666666666666667,False,66,68,False,driven_by_tpr_gap
insurance_denial,unawareness,random_forest,gender,predictive_parity_diff,-0.057005218787635537,-0.18352067442794057,0.0811521477318345,0.5733333333333334,False,47,53,False,
insurance_denial,unawareness,random_forest,gender,accuracy_equality_diff,-0.05818651105375372,-0.17024183593311637,0.039427393109639795,0.3233333333333333,False,134,133,False,
insurance_denial,unawareness,random_forest,age_x_gender,intersectional_demographic_parity_diff,-0.1772727272727273,-0.36170454545454533,0.03261363636363632,0.11666666666666667,False,33,60,False,superadditive
insurance_denial,unawareness,gradient_boosting,age,demographic_parity_diff,-0.07054963084495491,-0.2021680534395875,0.051538146021328855,0.22333333333333333,False,106,161,False,
insurance_denial,unawareness,gradient_boosting,age,disparate_impact_ratio,0.8197069597006627,0.5606241889641232,1.1616997805490683,0.22333333333333333,False,106,161,False,
insurance_denial,unawareness,gradient_boosting,age,equal_opportunity_diff,-0.03815113719735874,-0.23004402054291997,0.1461665443873807,0.6766666666666666,False,47,87,False,
insurance_denial,unawareness,gradient_boosting,age,equalized_odds_diff,-0.03815113719735874,-0.23004402054291997,0.1461665443873807,0.6766666666666666,False,47,87,False,driven_by_tpr_gap
insurance_denial,unawareness,gradient_boosting,age,predictive_parity_diff,-0.051820728291316565,-0.19777077497665727,0.07049486461251164,0.5166666666666667,False,34,63,False,
insurance_denial,unawareness,gradient_boosting,age,accuracy_equality_diff,0.0066213523965780174,-0.09836370561350054,0.11162984882221956,1.0,False,106,161,False,
insurance_denial,unawareness,gradient_boosting,gender,demographic_parity_diff,-0.01021209740769835,-0.12275137470542025,0.09479996633374482,0.8766666666666667,False,134,133,False,
insurance_denial,unawareness,gradient_boosting,gender,disparate_impact_ratio,0.9722815251292506,0.7089559151102985,1.2925631760730334,0.8766666666666667,False,134,133,False,
insurance_denial,unawareness,gradient_boosting,gender,equal_opportunity_diff,-0.040552584670231706,-0.1896278966131908,0.13908199643493757,0.7166666666666667,False,66,68,False,
insurance_denial,unawareness,gradient_boosting,gender,equalized_odds_diff,0.04140271493212669,-0.06289592760180995,0.13135180995475113,0.5133333333333333,False,68,65,False,driven_by_fpr_gap
insurance_denial,unawareness,gradient_boosting,gender,predictive_parity_diff,-0.0642006802721089,-0.2085565476190476,0.058917942176870707,0.38333333333333336,False,48,49,False,
insurance_denial,unawareness,gradient_boosting,gender,accuracy_equality_diff,-0.03579845135226123,-0.13705672763999538,0.054349960722702234,0.54,False,134,133,False,
insurance_denial,unawareness,gradient_boosting,age_x_gender,intersectional_demographic_parity_diff,-0.11363636363636365,-0.30534090909090905,0.1075757575757576,0.3433333333333333,False,33,60,False,superadditive
insurance_denial,unawareness_proxy_removal,logistic_regression,age,demographic_parity_diff,-0.07283487636235786,-0.18880815656861596,0.05366078753076286,0.23333333333333334,False,106,161,False,
insurance_denial,unawareness_proxy_removal,logistic_regression,age,disparate_impact_ratio,0.8415352759254183,0.626284427438981,1.1395556908514657,0.23333333333333334,False,106,161,False,
insurance_denial,unawareness_proxy_removal,logistic_regression,age,equal_opportunity_diff,-0.13132795304475425,-0.29877720714111017,0.03171313279530446,0.17333333333333334,False,47,87,False,
insurance_denial,unawareness_proxy_removal,logistic_regression,age,equalized_odds_diff,-0.13132795304475425,-0.29877720714111017,0.03171313279530446,0.17333333333333334,False,47,87,False,driven_by_tpr_gap
insurance_denial,unawareness_proxy_removal,logistic_regression,age,predictive_parity_diff,-0.1687541199736321,-0.33124588002636784,0.027422544495715188,0.09666666666666666,False,41,74,False,
insurance_denial,unawareness_proxy_removal,logistic_regression,age,accuracy_equality_diff,-0.06703386851048876,-0.1845409000351576,0.05468182350873075,0.33,False,106,161,False,
insurance_denial,unawareness_proxy_removal,logistic_regression,gender,demographic_parity_diff,-0.05566154191448769,-0.1606553697677028,0.05302715744585333,0.42333333333333334,False,134,133,False,
insurance_denial,unawareness_proxy_removal,logistic_regression,gender,disparate_impact_ratio,0.8786398535454527,0.6810316269963343,1.130198003366245,0.42333333333333334,False,134,133,False,
insurance_denial,unawareness_proxy_removal,logistic_regression,gender,equal_opportunity_diff,0.03208556149732622,-0.13125000000000003,0.18184046345811053,0.75,False,66,68,False,
insurance_denial,unawareness_proxy_removal,logistic_regression,gender,equalized_odds_diff,-0.13325791855203623,-0.26832579185520367,0.004558823529411718,0.12,False,68,65,False,driven_by_fpr_gap
insurance_denial,unawareness_proxy_removal,logistic_regression,gender,predictive_parity_diff,0.09927140255009104,-0.07852914389799631,0.27494687310261073,0.31333333333333335,False,54,61,False,
insurance_denial,unawareness_proxy_removal,logistic_regression,gender,accuracy_equality_diff,0.08506340478060825,-0.03467904836718665,0.18236168780159356,0.14,False,134,133,False,
insurance_denial,unawareness_proxy_removal,logistic_regression,age_x_gender,intersectional_demographic_parity_diff,-0.21060606060606063,-0.4000757575757576,-0.0060606060606061,0.05,False,33,60,False,superadditive
insurance_denial,unawareness_proxy_removal,random_forest,age,demographic_parity_diff,-0.0733036446736201,-0.18317707722957927,0.043015352162193855,0.26666666666666666,False,106,161,False,
insurance_denial,unawareness_proxy_removal,random_forest,age,disparate_impact_ratio,0.8264432522085817,0.5881403478531289,1.1027298859746069,0.26666666666666666,False,106,161,False,
insurance_denial,unawareness_proxy_removal,random_forest,age,equal_opportunity_diff,-0.09855710442651022,-0.2797688921496698,0.07827097089752992,0.2633333333333333,False,47,87,False,
insurance_denial,unawareness_proxy_removal,random_forest,age,equalized_odds_diff,-0.09855710442651022,-0.2797688921496698,0.07827097089752992,0.2633333333333333,False,47,87,False,driven_by_tpr_gap
insurance_denial,unawareness_proxy_removal,random_forest,age,predictive_parity_diff,-0.13076311605723367,-0.30040739268680444,0.04105723370429242,0.12666666666666668,False,37,68,False,
insurance_denial,unawareness_proxy_removal,random_forest,age,accuracy_equality_diff,-0.03527481542247746,-0.14515996718621818,0.08552824329075331,0.5833333333333334,False,106,161,False,
insurance_denial,unawareness_proxy_removal,random_forest,gender,demographic_parity_diff,0.004544944450678934,-0.10795645830995398,0.1165708113567501,1.0,False,134,133,False,
insurance_denial,unawareness_proxy_removal,random_forest,gender,disparate_impact_ratio,1.0116245397283945,0.7684164813771628,1.3311901152289902,1.0,False,134,133,False,
insurance_denial,unawareness_proxy_removal,random_forest,gender,equal_opportunity_diff,0.03208556149732622,-0.13928253119429582,0.20396613190730814,0.7466666666666667,False,66,68,False,
insurance_denial,unawareness_proxy_removal,random_forest,gender,equalized_odds_diff,0.03208556149732622,-0.13928253119429582,0.20396613190730814,0.7466666666666667,False,66,68,False,driven_by_tpr_gap
insurance_denial,unawareness_proxy_removal,random_forest,gender,predictive_parity_diff,0.005079825834542806,-0.16564767779390424,0.17689586357039191,1.0,False,53,52,False,
insurance_denial,unawareness_proxy_removal,random_forest,gender,accuracy_equality_diff,0.024856918415441576,-0.09539052856020651,0.12612641678823905,0.7366666666666667,False,134,133,False,
insurance_denial,unawareness_proxy_removal,random_forest,age_x_gender,intersectional_demographic_parity_diff,-0.12727272727272732,-0.30007575757575755,0.10772727272727259,0.24666666666666667,False,33,60,False,superadditive
insurance_denial,unawareness_proxy_removal,gradient_boosting,age,demographic_parity_diff,-0.10529708191726239,-0.23036153756006092,0.03528653463025897,0.06666666666666667,False,106,161,False,
insurance_denial,unawareness_proxy_removal,gradient_boosting,age,disparate_impact_ratio,0.7220854845173401,0.46227104685558484,1.1074190253259155,0.06666666666666667,False,106,161,False,
insurance_denial,unawareness_proxy_removal,gradient_boosting,age,equal_opportunity_diff,-0.0755685986793837,-0.2577647346539495,0.08665932990951324,0.4533333333333333,False,47,87,False,
insurance_denial,unawareness_proxy_removal,gradient_boosting,age,equalized_odds_diff,-0.0755685986793837,-0.2577647346539495,0.08665932990951324,0.4533333333333333,False,47,87,False,driven_by_tpr_gap
insurance_denial,unawareness_proxy_removal,gradient_boosting,age,predictive_parity_diff,-0.00847936687394013,-0.18089315997738842,0.14673544375353306,1.0,False,29,61,True,
insurance_denial,unawareness_proxy_removal,gradient_boosting,age,accuracy_equality_diff,0.02156334231805923,-0.09607846009609752,0.13256328372202025,0.76,False,106,161,False,
insurance_denial,unawareness_proxy_removal,gradient_boosting,gender,demographic_parity_diff,0.04241948153967007,-0.06253927729772189,0.15114605543710005,0.5066666666666667,False,134,133,False,
insurance_denial,unawareness_proxy_removal,gradient_boosting,gender,disparate_impact_ratio,1.1343279328371678,0.8341256760764717,1.570247792426549,0.5066666666666667,False,134,133,False,
insurance_denial,unawareness_proxy_removal,gradient_boosting,gender,equal_opportunity_diff,0.06149732620320858,-0.1099376114081996,0.24719251336898365,0.5366666666666666,False,66,68,False,
insurance_denial,unawareness_proxy_removal,gradient_boosting,gender,equalized_odds_diff,0.06149732620320858,-0.1099376114081996,0.24719251336898365,0.5366666666666666,False,66,68,False,driven_by_tpr_gap
insurance_denial,unawareness_proxy_removal,gradient_boosting,gender,predictive_parity_diff,-0.044642857142857095,-0.2130208333333333,0.10163690476190439,0.7833333333333333,False,48,42,False,
insurance_denial,unawareness_proxy_removal,gradient_boosting,gender,accuracy_equality_diff,0.017057569296375252,-0.09508612950286159,0.0993533273482213,0.78,False,134,133,False,
insurance_denial,unawareness_proxy_removal,gradient_boosting,age_x_gender,intersectional_demographic_parity_diff,-0.10757575757575755,-0.26943181818181805,0.09856060606060599,0.3433333333333333,False,33,60,False,
insurance_denial,in_processing,logistic_regression,age,demographic_parity_diff,0.05877182702449313,-0.060412516113910686,0.18861332473924752,0.44,False,106,161,False,
insurance_denial,in_processing,logistic_regression,age,disparate_impact_ratio,1.1391506139366845,0.8663426639771377,1.5074147725525018,0.44,False,106,161,False,
insurance_denial,in_processing,logistic_regression,age,equal_opportunity_diff,0.07043286867204696,-0.10581438004402051,0.2540229885057469,0.52,False,47,87,False,
insurance_denial,in_processing,logistic_regression,age,equalized_odds_diff,0.07237746220797064,-0.0799358680714613,0.22991868987631692,0.4533333333333333,False,59,74,False,driven_by_fpr_gap
insurance_denial,in_processing,logistic_regression,age,predictive_parity_diff,-0.10784313725490202,-0.2992647058823529,0.07352941176470593,0.25333333333333335,False,51,68,False,
insurance_denial,in_processing,logistic_regression,age,accuracy_equality_diff,0.007031524668932421,-0.10285362709480841,0.13246513535684973,1.0,False,106,161,False,
insurance_denial,in_processing,logistic_regression,gender,demographic_parity_diff,-0.010829312086185594,-0.13789277297721914,0.08658119178543373,0.9,False,134,133,False,
insurance_denial,in_processing,logistic_regression,gender,disparate_impact_ratio,0.9759950780865322,0.7336150494822179,1.2175543070872428,0.9,False,134,133,False,
insurance_denial,in_processing,logistic_regression,gender,equal_opportunity_diff,0.015151515151515138,-0.1506461675579322,0.16443850267379684,0.8233333333333334,False,66,68,False,
insurance_denial,in_processing,logistic_regression,gender,equalized_odds_diff,-0.032352941176470584,-0.18384049773755654,0.14479638009049772,0.7666666666666667,False,68,65,False,driven_by_fpr_gap
insurance_denial,in_processing,logistic_regression,gender,predictive_parity_diff,0.009604519774011333,-0.1515536723163841,0.1943502824858757,1.0,False,59,60,False,
insurance_denial,in_processing,logistic_regression,gender,accuracy_equality_diff,0.02575468522051394,-0.10162439681292787,0.1385127931769723,0.7166666666666667,False,134,133,False,
insurance_denial,in_processing,logistic_regression,age_x_gender,intersectional_demographic_parity_diff,0.040909090909090895,-0.14553030303030304,0.26928030303030276,0.8366666666666667,False,33,60,False,
insurance_denial,in_processing,random_forest,age,demographic_parity_diff,-0.05765850228524555,-0.16573157154576348,0.06626772530176937,0.39666666666666667,False,106,161,False,
insurance_denial,in_processing,random_forest,age,disparate_impact_ratio,0.8614478125220545,0.6027153513819657,1.1776974851855897,0.39666666666666667,False,106,161,False,
insurance_denial,in_processing,random_forest,age,equal_opportunity_diff,-0.10833944729762784,-0.28165199315235995,0.06456957691367064,0.24666666666666667,False,47,87,False,
insurance_denial,in_processing,random_forest,age,equalized_odds_diff,-0.10833944729762784,-0.28165199315235995,0.06456957691367064,0.24666666666666667,False,47,87,False,driven_by_tpr_gap
insurance_denial,in_processing,random_forest,age,predictive_parity_diff,-0.1708562450903378,-0.34367635506677136,0.0054988216810683,0.07333333333333333,False,38,67,False,
insurance_denial,in_processing,random_forest,age,accuracy_equality_diff,-0.057365522090706667,-0.1730048048751904,0.06637612797374887,0.36,False,106,161,False,
insurance_denial,in_processing,random_forest,gender,demographic_parity_diff,0.004544944450678934,-0.1152297721916732,0.12089973066995834,1.0,False,134,133,False,
insurance_denial,in_processing,random_forest,gender,disparate_impact_ratio,1.0116245397283945,0.7596732899556355,1.354834022238635,1.0,False,134,133,False,
insurance_denial,in_processing,random_forest,gender,equal_opportunity_diff,0.03163992869875232,-0.13803475935828874,0.18050356506238857,0.7433333333333333,False,66,68,False,
insurance_denial,in_processing,random_forest,gender,equalized_odds_diff,0.03163992869875232,-0.13803475935828874,0.18050356506238857,0.7433333333333333,False,66,68,False,driven_by_tpr_gap
insurance_denial,in_processing,random_forest,gender,predictive_parity_diff,0.005442670537010086,-0.18506894049346878,0.17743105950653126,1.0,False,53,52,False,
insurance_denial,in_processing,random_forest,gender,accuracy_equality_diff,0.02496913926607558,-0.0990391089664459,0.12246521153630345,0.71,False,134,133,False,
insurance_denial,in_processing,random_forest,age_x_gender,intersectional_demographic_parity_diff,-0.11060606060606065,-0.3015151515151515,0.13299242424242388,0.36333333333333334,False,33,60,False,superadditive
insurance_denial,in_processing,gradient_boosting,age,demographic_parity_diff,-0.11449666002578224,-0.22725008789405834,0.0196296730341029,0.04666666666666667,True,106,161,False,
insurance_denial,in_processing,gradient_boosting,age,disparate_impact_ratio,0.7119700641979487,0.48190089276617626,1.0606307104646922,0.03666666666666667,True,106,161,False,
insurance_denial,in_processing,gradient_boosting,age,equal_opportunity_diff,-0.08706285155294702,-0.2682746392761066,0.07116043042308623,0.39,False,47,87,False,
insurance_denial,in_processing,gradient_boosting,age,equalized_odds_diff,-0.08706285155294702,-0.2682746392761066,0.07116043042308623,0.39,False,47,87,False,driven_by_tpr_gap
insurance_denial,in_processing,gradient_boosting,age,predictive_parity_diff,-0.012499999999999956,-0.1685677083333333,0.15109374999999997,1.0,False,30,64,False,
insurance_denial,in_processing,gradient_boosting,age,accuracy_equality_diff,0.018340560178131904,-0.09917819055431856,0.12924088831594965,0.8033333333333333,False,106,161,False,
insurance_denial,in_processing,gradient_boosting,gender,demographic_parity_diff,0.042307260689036064,-0.05889771069464699,0.15464033217371786,0.5133333333333333,False,134,133,False,
insurance_denial,in_processing,gradient_boosting,gender,disparate_impact_ratio,1.1278829241639292,0.8409811874647029,1.5502041727660447,0.5133333333333333,False,134,133,False,
insurance_denial,in_processing,gradient_boosting,gender,equal_opportunity_diff,0.07664884135472372,-0.08870320855614973,0.25447860962566843,0.4533333333333333,False,66,68,False,
insurance_denial,in_processing,gradient_boosting,gender,equalized_odds_diff,0.07664884135472372,-0.08870320855614973,0.25447860962566843,0.4533333333333333,False,66,68,False,driven_by_tpr_gap
insurance_denial,in_processing,gradient_boosting,gender,predictive_parity_diff,-0.018181818181818188,-0.176590909090909,0.1541590909090908,1.0,False,50,44,False,
insurance_denial,in_processing,gradient_boosting,gender,accuracy_equality_diff,0.03209516328133766,-0.07682639434406906,0.11859920323196031,0.5866666666666667,False,134,133,False,
insurance_denial,in_processing,gradient_boosting,age_x_gender,intersectional_demographic_parity_diff,-0.12424242424242421,-0.2864393939393939,0.0873106060606059,0.24,False,33,60,False,
insurance_denial,post_processing,logistic_regression,age,demographic_parity_diff,-0.09609750380874255,-0.1990566037735849,0.021186862768076815,0.09,False,106,161,False,
insurance_denial,post_processing,logistic_regression,age,disparate_impact_ratio,0.7332473247236754,0.49935494236347294,1.070706123015911,0.09,False,106,161,False,
insurance_denial,post_processing,logistic_regression,age,equal_opportunity_diff,-0.15896307165566154,-0.32868060650525793,0.018739300562484667,0.12,False,47,87,False,
insurance_denial,post_processing,logistic_regression,age,equalized_odds_diff,-0.15896307165566154,-0.32868060650525793,0.018739300562484667,0.12,False,47,87,False,driven_by_tpr_gap
insurance_denial,post_processing,logistic_regression,age,predictive_parity_diff,-0.16625615763546797,-0.3614839901477832,0.009975369458127952,0.11666666666666667,False,28,58,True,
insurance_denial,post_processing,logistic_regression,age,accuracy_equality_diff,-0.05713113793507563,-0.17303117309269894,0.06039933200515634,0.36333333333333334,False,106,161,False,
insurance_denial,post_processing,logistic_regression,gender,demographic_parity_diff,-0.0024127482886320273,-0.11139883290315332,0.10271434182471105,1.0,False,134,133,False,
insurance_denial,post_processing,logistic_regression,gender,disparate_impact_ratio,0.9925373365150275,0.7215103137932874,1.4196854142088022,1.0,False,134,133,False,
insurance_denial,post_processing,logistic_regression,gender,equal_opportunity_diff,0.045008912655971456,-0.11811497326203209,0.20192736185383214,0.6033333333333334,False,66,68,False,
insurance_denial,post_processing,logistic_regression,gender,equalized_odds_diff,0.045008912655971456,-0.11811497326203209,0.20192736185383214,0.6033333333333334,False,66,68,False,driven_by_tpr_gap
insurance_denial,post_processing,logistic_regression,gender,predictive_parity_diff,0.046511627906976716,-0.15174418604651146,0.2325581395348837,0.81,False,43,43,False,
insurance_denial,post_processing,logistic_regression,gender,accuracy_equality_diff,0.047301088542251235,-0.05762540680058348,0.1488637638873301,0.45,False,134,133,False,
insurance_denial,post_processing,logistic_regression,age_x_gender,intersectional_demographic_parity_diff,-0.1545454545454545,-0.32734848484848483,0.05462121212121204,0.15,False,33,60,False,superadditive
insurance_denial,post_processing,random_forest,age,demographic_parity_diff,-0.20655103714988868,-0.295803058713231,-0.104777042071956,0.0,True,106,161,False,
insurance_denial,post_processing,random_forest,age,disparate_impact_ratio,0.3725544158039053,0.18238181067837939,0.6256792644824177,0.0,True,106,161,False,
insurance_denial,post_processing,random_forest,age,equal_opportunity_diff,-0.2406456346294938,-0.41689288334556124,-0.07043286867204701,0.0033333333333333335,True,47,87,False,
insurance_denial,post_processing,random_forest,age,equalized_odds_diff,-0.2406456346294938,-0.41689288334556124,-0.07043286867204701,0.0033333333333333335,True,47,87,False,driven_by_tpr_gap
insurance_denial,post_processing,random_forest,age,predictive_parity_diff,0.15094339622641506,0.05660377358490565,0.26415094339622647,0.19666666666666666,False,13,53,True,
insurance_denial,post_processing,random_forest,age,accuracy_equality_diff,-0.01019571076995196,-0.13178835110746517,0.10232040314074765,0.8866666666666667,False,106,161,False,
insurance_denial,post_processing,random_forest,gender,demographic_parity_diff,0.10301874088205587,-0.009370441027942988,0.2002903714510156,0.06666666666666667,False,134,133,False,
insurance_denial,post_processing,random_forest,gender,disparate_impact_ratio,1.526977786510301,0.9628807645065248,2.437770176593259,0.06666666666666667,False,134,133,False,
insurance_denial,post_processing,random_forest,gender,equal_opportunity_diff,0.13235294117647056,-0.02507798573975034,0.28954991087343995,0.18666666666666668,False,66,68,False,
insurance_denial,post_processing,random_forest,gender,equalized_odds_diff,0.13235294117647056,-0.02507798573975034,0.28954991087343995,0.18666666666666668,False,66,68,False,driven_by_tpr_gap
insurance_denial,post_processing,random_forest,gender,predictive_parity_diff,-0.1365384615384616,-0.30000000000000004,-0.009615384615384581,0.14333333333333334,False,40,26,True,
insurance_denial,post_processing,random_forest,gender,accuracy_equality_diff,0.032319604982605776,-0.07998681405005048,0.12945797329143752,0.6233333333333333,False,134,133,False,
insurance_denial,post_processing,random_forest,age_x_gender,intersectional_demographic_parity_diff,-0.1621212121212121,-0.30462121212121207,0.007651515151515076,0.13666666666666666,False,33,60,False,
insurance_denial,post_processing,gradient_boosting,age,demographic_parity_diff,-0.09838274932614555,-0.21293654048986285,0.04713025899449179,0.10333333333333333,False,106,161,False,
insurance_denial,post_processing,gradient_boosting,age,disparate_impact_ratio,0.7704407872104903,0.5511892663323513,1.129776102722057,0.10333333333333333,False,106,161,False,
insurance_denial,post_processing,gradient_boosting,age,equal_opportunity_diff,-0.11176326730251895,-0.280520909757887,0.049565908535094065,0.2833333333333333,False,47,87,False,
insurance_denial,post_processing,gradient_boosting,age,equalized_odds_diff,-0.11176326730251895,-0.280520909757887,0.049565908535094065,0.2833333333333333,False,47,87,False,driven_by_tpr_gap
insurance_denial,post_processing,gradient_boosting,age,predictive_parity_diff,-0.09730848861283647,-0.27693581780538296,0.0608695652173914,0.2966666666666667,False,35,69,False,
insurance_denial,post_processing,gradient_boosting,age,accuracy_equality_diff,-0.028594866986991763,-0.1508906597913981,0.09053088011250413,0.6866666666666666,False,106,161,False,
insurance_denial,post_processing,gradient_boosting,gender,demographic_parity_diff,0.0719896756817417,-0.047806082370104364,0.1844756480754124,0.26,False,134,133,False,
insurance_denial,post_processing,gradient_boosting,gender,disparate_impact_ratio,1.2037148887572646,0.8865525723605698,1.6218941805766303,0.26,False,134,133,False,
insurance_denial,post_processing,gradient_boosting,gender,equal_opportunity_diff,0.09269162210338677,-0.07916666666666662,0.27117869875222816,0.37,False,66,68,False,
insurance_denial,post_processing,gradient_boosting,gender,equalized_odds_diff,0.09269162210338677,-0.07916666666666662,0.27117869875222816,0.37,False,66,68,False,driven_by_tpr_gap
insurance_denial,post_processing,gradient_boosting,gender,predictive_parity_diff,-0.05412467338559157,-0.2235908921239267,0.10435796939156396,0.6133333333333333,False,57,47,False,
insurance_denial,post_processing,gradient_boosting,gender,accuracy_equality_diff,0.01711367972169231,-0.10234541577825162,0.09962546291100888,0.8033333333333333,False,134,133,False,
insurance_denial,post_processing,gradient_boosting,age_x_gender,intersectional_demographic_parity_diff,-0.0636363636363636,-0.2447348484848485,0.14249999999999993,0.68,False,33,60,False,
tenant_screening,baseline,logistic_regression,race,demographic_parity_diff,0.0598133114303665,0.033694710897948336,0.08500813645719514,0.0,True,2943,2224,False,
tenant_screening,baseline,logistic_regression,race,disparate_impact_ratio,1.0975253575694575,1.0542045631130454,1.142888433530365,0.0,True,2943,2224,False,
tenant_screening,baseline,logistic_regression,race,equal_opportunity_diff,0.04746637091170147,0.02120089094649256,0.08004398358007697,0.0033333333333333335,True,1711,1270,False,
tenant_screening,baseline,logistic_regression,race,equalized_odds_diff,0.06843536442593046,0.024894752783903757,0.11226010951836417,0.01,True,1232,954,False,driven_by_fpr_gap
tenant_screening,baseline,logistic_regression,race,predictive_parity_diff,-0.010307229530984285,-0.04906507347662022,0.02500884502480301,0.51,False,1981,1364,False,
tenant_screening,baseline,logistic_regression,race,accuracy_equality_diff,0.0007828599505717015,-0.024231318309266968,0.027075235835796223,0.9766666666666667,False,2943,2224,False,
tenant_screening,baseline,random_forest,race,demographic_parity_diff,0.0673753046492469,0.0398857099335822,0.09471643251148315,0.0,True,2943,2224,False,
tenant_screening,baseline,random_forest,race,disparate_impact_ratio,1.1132595809906403,1.064861636168797,1.1631298409681006,0.0,True,2943,2224,False,
tenant_screening,baseline,random_forest,race,equal_opportunity_diff,0.043675706521489,0.009944649488948324,0.07377170416526689,0.006666666666666667,True,1711,1270,False,
tenant_screening,baseline,random_forest,race,equalized_odds_diff,0.09129196275422691,0.048414442606659586,0.13488821843774676,0.0,True,1232,954,False,driven_by_fpr_gap
tenant_screening,baseline,random_forest,race,predictive_parity_diff,-0.02329469499446779,-0.05580068581791071,0.0075893329796429924,0.15,False,1949,1323,False,
tenant_screening,baseline,random_forest,race,accuracy_equality_diff,-0.01139837365581542,-0.03587513399066674,0.0155344073365161,0.43333333333333335,False,2943,2224,False,
tenant_screening,baseline,gradient_boosting,race,demographic_parity_diff,0.06511961684475043,0.03794295221315305,0.08998515255074228,0.0,True,2943,2224,False,
tenant_screening,baseline,gradient_boosting,race,disparate_impact_ratio,1.1065679108577566,1.0603050974228736,1.1500616774376906,0.0,True,2943,2224,False,
tenant_screening,baseline,gradient_boosting,race,equal_opportunity_diff,0.03692964007786581,0.008207694998090168,0.06949057050948695,0.013333333333333334,True,1711,1270,False,
tenant_screening,baseline,gradient_boosting,race,equalized_odds_diff,0.09443661684227722,0.04799260291595197,0.1381549661030792,0.0,True,1232,954,False,driven_by_fpr_gap
tenant_screening,baseline,gradient_boosting,race,predictive_parity_diff,-0.02666422620830422,-0.052661809784758914,0.007479773776905147,0.08333333333333333,False,1990,1359,False,
tenant_screening,baseline,gradient_boosting,race,accuracy_equality_diff,-0.016351903186930583,-0.04142568208430196,0.010060266007377581,0.22666666666666666,False,2943,2224,False,
tenant_screening,unawareness,logistic_regression,race,demographic_parity_diff,0.1051403525497645,0.07952564553861498,0.1297623598369011,0.0,True,2943,2224,False,
tenant_screening,unawareness,logistic_regression,race,disparate_impact_ratio,1.1793188230564522,1.1316848999729008,1.2269228721800411,0.0,True,2943,2224,False,
tenant_screening,unawareness,logistic_regression,race,equal_opportunity_diff,0.08173835809974361,0.05437592327551693,0.11481560951140599,0.0,True,1711,1270,False,
tenant_screening,unawareness,logistic_regression,race,equalized_odds_diff,0.12855985733344227,0.08162585252797519,0.1729284080699175,0.0,True,1232,954,False,driven_by_fpr_gap
tenant_screening,unawareness,logistic_regression,race,predictive_parity_diff,-0.03034435718484796,-0.06214509127085814,-0.0011645042281545521,0.07,False,2035,1304,False,
tenant_screening,unawareness,logistic_regression,race,accuracy_equality_diff,-0.005052227331284853,-0.030618192754664743,0.021051877916626962,0.75,False,2943,2224,False,
tenant_screening,unawareness,random_forest,race,demographic_parity_diff,0.0847529927128633,0.059013729383465725,0.11045729547860181,0.0,True,2943,2224,False,
tenant_screening,unawareness,random_forest,race,disparate_impact_ratio,1.1445478023919444,1.0984595704002764,1.1930617706291051,0.0,True,2943,2224,False,
tenant_screening,unawareness,random_forest,race,equal_opportunity_diff,0.056712241770480065,0.028821221645950065,0.08982519316879661,0.0,True,1711,1270,False,
tenant_screening,unawareness,random_forest,race,equalized_odds_diff,0.11411622968226742,0.07014829051975281,0.15918284087505788,0.0,True,1232,954,False,driven_by_fpr_gap
tenant_screening,unawareness,random_forest,race,predictive_parity_diff,-0.03186301157101812,-0.06676073619631902,0.0007385745903548135,0.043333333333333335,True,1975,1304,False,
tenant_screening,unawareness,random_forest,race,accuracy_equality_diff,-0.013585156339759985,-0.03799133858051175,0.011701888489208596,0.27666666666666667,False,2943,2224,False,
tenant_screening,unawareness,gradient_boosting,race,demographic_parity_diff,0.08284733069813266,0.056341425330683516,0.11164711197402934,0.0,True,2943,2224,False,
tenant_screening,unawareness,gradient_boosting,race,disparate_impact_ratio,1.1371944589368357,1.0915298077380826,1.1896890003354594,0.0,True,2943,2224,False,
tenant_screening,unawareness,gradient_boosting,race,equal_opportunity_diff,0.052401551793167855,0.02334618057313265,0.08446156642751632,0.0,True,1711,1270,False,
tenant_screening,unawareness,gradient_boosting,race,equalized_odds_diff,0.11533631462876742,0.06882125670451147,0.1577022329086008,0.0,True,1232,954,False,driven_by_fpr_gap
tenant_screening,unawareness,gradient_boosting,race,predictive_parity_diff,-0.03228977346204387,-0.05931341539302698,-0.0005509628424992931,0.04,True,2021,1343,False,
tenant_screening,unawareness,gradient_boosting,race,accuracy_equality_diff,-0.016252288688926475,-0.03985996600273295,0.011068366255008233,0.24333333333333335,False,2943,2224,False,
tenant_screening,unawareness_proxy_removal,logistic_regression,race,demographic_parity_diff,0.11393942949615843,0.09118061819657428,0.13722466980543996,0.0,True,2943,2224,False,
tenant_screening,unawareness_proxy_removal,logistic_regression,race,disparate_impact_ratio,1.1863241741283037,1.1460631227617282,1.229236791644067,0.0,True,2943,2224,False,
tenant_screening,unawareness_proxy_removal,logistic_regression,race,equal_opportunity_diff,0.08368684335264642,0.06047982714901724,0.1171622824981477,0.0,True,1711,1270,False,
tenant_screening,unawareness_proxy_removal,logistic_regression,race,equalized_odds_diff,0.149410207193226,0.10517574668518063,0.19436259495221758,0.0,True,1232,954,False,driven_by_fpr_gap
tenant_screening,unawareness_proxy_removal,logistic_regression,race,predictive_parity_diff,-0.028962322633971693,-0.06020422923267666,-0.0004257645681222685,0.1,False,2135,1360,False,
tenant_screening,unawareness_proxy_removal,logistic_regression,race,accuracy_equality_diff,-0.011976351640400229,-0.039237650399558024,0.014526723422485222,0.3933333333333333,False,2943,2224,False,
tenant_screening,unawareness_proxy_removal,random_forest,race,demographic_parity_diff,0.062477693686029734,0.035679422822598145,0.08962004708160073,0.0,True,2943,2224,False,
tenant_screening,unawareness_proxy_removal,random_forest,race,disparate_impact_ratio,1.105665517686402,1.0588985027611728,1.1565380448339015,0.0,True,2943,2224,False,
tenant_screening,unawareness_proxy_removal,random_forest,race,equal_opportunity_diff,0.06141318103793425,0.030199554066554085,0.09191873334652567,0.0,True,1711,1270,False,
tenant_screening,unawareness_proxy_removal,random_forest,race,equalized_odds_diff,0.06141318103793425,0.030199554066554085,0.09191873334652567,0.0,True,1711,1270,False,driven_by_tpr_gap
tenant_screening,unawareness_proxy_removal,random_forest,race,predictive_parity_diff,0.0015556943313597138,-0.03223627107657533,0.02965055176557077,0.9433333333333334,False,1924,1315,False,
tenant_screening,unawareness_proxy_removal,random_forest,race,accuracy_equality_diff,0.012935370358147735,-0.01632708359306433,0.03944931210994507,0.36333333333333334,False,2943,2224,False,
tenant_screening,unawareness_proxy_removal,gradient_boosting,race,demographic_parity_diff,0.0716575057996417,0.04583474275625376,0.09342225760675861,0.0,True,2943,2224,False,
tenant_screening,unawareness_proxy_removal,gradient_boosting,race,disparate_impact_ratio,1.1152321306016955,1.07242674050165,1.15380971023982,0.0,True,2943,2224,False,
tenant_screening,unawareness_proxy_removal,gradient_boosting,race,equal_opportunity_diff,0.04863527798358924,0.018935029015586958,0.08020440917269915,0.0033333333333333335,True,1711,1270,False,
tenant_screening,unawareness_proxy_removal,gradient_boosting,race,equalized_odds_diff,0.0955971439462005,0.052502322755860524,0.1418851163249748,0.0,True,1232,954,False,driven_by_fpr_gap
tenant_screening,unawareness_proxy_removal,gradient_boosting,race,predictive_parity_diff,-0.0201257447205746,-0.05122946870428802,0.008115953042172655,0.23666666666666666,False,2041,1383,False,
tenant_screening,unawareness_proxy_removal,gradient_boosting,race,accuracy_equality_diff,-0.009702177096243436,-0.03339644415965702,0.01983831894728868,0.5033333333333333,False,2943,2224,False,
tenant_screening,in_processing,logistic_regression,race,demographic_parity_diff,0.017156916668500055,-0.008810860333140182,0.039331787628001526,0.18,False,2943,2224,False,
tenant_screening,in_processing,logistic_regression,race,disparate_impact_ratio,1.0242112492543944,0.9879769495663675,1.0569914730564405,0.18,False,2943,2224,False,
tenant_screening,in_processing,logistic_regression,race,equal_opportunity_diff,0.010125772560136581,-0.011545292848037502,0.040592909704229733,0.5066666666666667,False,1711,1270,False,
tenant_screening,in_processing,logistic_regression,race,equalized_odds_diff,0.0220704348062839,-0.02199534938332104,0.06216643354025432,0.2966666666666667,False,1232,954,False,driven_by_fpr_gap
tenant_screening,in_processing,logistic_regression,race,predictive_parity_diff,0.00429903610334792,-0.028354151219604905,0.03419860643738478,0.8366666666666667,False,2136,1576,False,
tenant_screening,in_processing,logistic_regression,race,accuracy_equality_diff,0.0006722450785549006,-0.0262250367901398,0.030680386883154005,0.9933333333333333,False,2943,2224,False,
tenant_screening,in_processing,random_forest,race,demographic_parity_diff,0.05400343333895574,0.027357586407937843,0.0809515270046959,0.0,True,2943,2224,False,
tenant_screening,in_processing,random_forest,race,disparate_impact_ratio,1.0909185719477166,1.045159640408381,1.1386393299079987,0.0,True,2943,2224,False,
tenant_screening,in_processing,random_forest,race,equal_opportunity_diff,0.04362784575949041,0.013891620685053134,0.07405269055716372,0.006666666666666667,True,1711,1270,False,
tenant_screening,in_processing,random_forest,race,equalized_odds_diff,0.062355359525170906,0.02390600751449811,0.10482176039369431,0.0,True,1232,954,False,driven_by_fpr_gap
tenant_screening,in_processing,random_forest,race,predictive_parity_diff,-0.005726144603709127,-0.038842503037734594,0.024049013416049123,0.77,False,1907,1321,False,
tenant_screening,in_processing,random_forest,race,accuracy_equality_diff,0.0008435147906139528,-0.027280270584755434,0.030574027016918533,0.9633333333333334,False,2943,2224,False,
tenant_screening,in_processing,gradient_boosting,race,demographic_parity_diff,0.019578373998049292,-0.005296622793508296,0.04295511602950058,0.13,False,2943,2224,False,
tenant_screening,in_processing,gradient_boosting,race,disparate_impact_ratio,1.0292426049268693,0.9922734351793708,1.0655631594137938,0.13,False,2943,2224,False,
tenant_screening,in_processing,gradient_boosting,race,equal_opportunity_diff,-0.0024726526367138124,-0.028417108841815544,0.02816505750194437,0.8633333333333333,False,1711,1270,False,
tenant_screening,in_processing,gradient_boosting,race,equalized_odds_diff,0.04237455416700703,-0.001070211889787392,0.08708637078330471,0.043333333333333335,True,1232,954,False,driven_by_fpr_gap
tenant_screening,in_processing,gradient_boosting,race,predictive_parity_diff,-0.009523487825910726,-0.04078249536707717,0.0202095776655367,0.5333333333333333,False,2028,1489,False,
tenant_screening,in_processing,gradient_boosting,race,accuracy_equality_diff,-0.01613770145962745,-0.04112483331377706,0.012986258546679529,0.25333333333333335,False,2943,2224,False,
tenant_screening,post_processing,logistic_regression,race,demographic_parity_diff,0.0020152074059407443,-0.01799548511038264,0.023876972580956616,0.8566666666666667,False,2943,2224,False,
tenant_screening,post_processing,logistic_regression,race,disparate_impact_ratio,1.002658253475004,0.9765919337042399,1.0318333004931686,0.8566666666666667,False,2943,2224,False,
tenant_screening,post_processing,logistic_regression,race,equal_opportunity_diff,-0.018537761681017173,-0.04224973193371288,0.00879013516063269,0.14333333333333334,False,1711,1270,False,
tenant_screening,post_processing,logistic_regression,race,equalized_odds_diff,0.025155531051757385,-0.016345096858068633,0.07031364861553535,0.20333333333333334,False,1232,954,False,driven_by_fpr_gap
tenant_screening,post_processing,logistic_regression,race,predictive_parity_diff,-0.004294749524205055,-0.04061869130778544,0.024263631282575804,0.76,False,2237,1686,False,
tenant_screening,post_processing,logistic_regression,race,accuracy_equality_diff,-0.016293998440391366,-0.04465573565612339,0.0139654216993378,0.25,False,2943,2224,False,
tenant_screening,post_processing,random_forest,race,demographic_parity_diff,-0.018674509933337746,-0.044159404891988566,0.005104693004006578,0.15,False,2943,2224,False,
tenant_screening,post_processing,random_forest,race,disparate_impact_ratio,0.9728725997645951,0.9372259774668615,1.0075085831241848,0.15,False,2943,2224,False,
tenant_screening,post_processing,random_forest,race,equal_opportunity_diff,-0.030404469458851224,-0.06086890293009106,0.000664976967008227,0.043333333333333335,True,1711,1270,False,
tenant_screening,post_processing,random_forest,race,equalized_odds_diff,-0.030404469458851224,-0.06086890293009106,0.000664976967008227,0.043333333333333335,True,1711,1270,False,driven_by_tpr_gap
tenant_screening,post_processing,random_forest,race,predictive_parity_diff,0.0042146062385318706,-0.026077180183861286,0.03010670562476614,0.8,False,1971,1531,False,
tenant_screening,post_processing,random_forest,race,accuracy_equality_diff,-0.010606957858789401,-0.0366099131398245,0.01644974922202909,0.43333333333333335,False,2943,2224,False,
tenant_screening,post_processing,gradient_boosting,race,demographic_parity_diff,0.0009643661217814126,-0.02578302419226699,0.023007266969299157,0.9666666666666667,False,2943,2224,False,
tenant_screening,post_processing,gradient_boosting,race,disparate_impact_ratio,1.0013890849517597,0.9635252053356618,1.0335318003238607,0.9666666666666667,False,2943,2224,False,
tenant_screening,post_processing,gradient_boosting,race,equal_opportunity_diff,-0.017530844880509155,-0.0424912101869791,0.013389531378712046,0.18333333333333332,False,1711,1270,False,
tenant_screening,post_processing,gradient_boosting,race,equalized_odds_diff,0.0188406980859811,-0.021468560265730057,0.06079332747964826,0.36,False,1232,954,False,driven_by_fpr_gap
tenant_screening,post_processing,gradient_boosting,race,predictive_parity_diff,-0.0032680979948237487,-0.03419907541063318,0.024436946347985954,0.85,False,2046,1544,False,
tenant_screening,post_processing,gradient_boosting,race,accuracy_equality_diff,-0.014528132845405661,-0.035759843959694664,0.013973927891326142,0.30666666666666664,False,2943,2224,False,
